topography,collectionsample,Keep non flu,Keep flu,notes
*Missing*,*Missing*,1,1,changed jd
ABCESS,ABSCESS,1,1,
ABCESS,ASPIRATE,1,1,
ABCESS,SWAB,1,1,
ABCESS,WOUND,1,1,
ABCESS,WOUND/SWAB,1,1,
ABDOMEN,ABDOMINAL,1,1,
ABDOMEN,ABDOMINAL FLUID,1,1,
ABDOMEN,ABSCESS,1,1,
ABDOMEN,ANASWAB,1,1,
ABDOMEN,ASCITIC FLUID,1,1,
ABDOMEN,ASPIRATE,1,1,
ABDOMEN,ASPIRATE-NEEDLE,1,1,
ABDOMEN,CULTURE,1,1,
ABDOMEN,DRAINAGE,1,1,
ABDOMEN,EXUDATE,1,1,
ABDOMEN,FLUID,1,1,
ABDOMEN,FLUID-MICROBIOLOGY,1,1,
ABDOMEN,OTHER,1,1,
ABDOMEN,PERITONEAL FLUID,1,1,
ABDOMEN,SKIN,0,0,
ABDOMEN,SWAB,1,1,
ABDOMEN,TISSUE,1,1,
ABDOMEN,WOUND,1,1,
"ABDOMEN, PERITONEUM AND RETROPERITONEUM",ABSCESS,1,1,
"ABDOMEN, PERITONEUM AND RETROPERITONEUM",ASPIRATE,1,1,
"ABDOMEN, PERITONEUM AND RETROPERITONEUM","ASPIRATE, SPFY",1,1,
"ABDOMEN, PERITONEUM AND RETROPERITONEUM",FLUID,1,1,
"ABDOMEN, PERITONEUM AND RETROPERITONEUM",OTHER,1,1,
"ABDOMEN, PERITONEUM AND RETROPERITONEUM",SWAB,1,1,
ABDOMINAL FLUID,ABDOMINAL FLUID,1,1,
ABDOMINAL WALL,ABSCESS,1,1,
ABDOMINAL WALL,ASPIRATE,1,1,
ABDOMINAL WALL,DRAINAGE,1,1,
ABDOMINAL WALL,FLUID,1,1,
ABDOMINAL WALL,SWAB,1,1,
ABDOMINAL WALL,TISSUE,1,1,
ABDOMINAL WALL,WOUND,1,1,
ABSCESS,ABSCESS,1,1,
ABSCESS,ABSCESS CONTENTS,1,1,
ABSCESS,ASPIRATE,1,1,
ABSCESS,FLUID,1,1,
ABSCESS,OTHER,1,1,
ABSCESS,SWAB,1,1,
ABSCESS,SWAB(ENTER SITE AT COMMENT),1,1,
ABSCESS,TISSUE,1,1,
ABSCESS,WOUND,1,1,
ABSCESS,"WOUND,AEROBIC SWAB",1,1,
ABSCESS MATERIAL,ABSCESS MATERIAL,1,1,
ABSCESS SITE,ABSCESS SITE,1,1,
ACETABULUM,TISSUE,1,1,
ACHILLES TENDON,WOUND,1,1,
ANAL REGION,SWAB ,0,0,
ANKLE,ABSCESS,1,1,
ANKLE,BONE,1,1,
ANKLE,FLUID,1,1,
ANKLE,SWAB,0,0,
ANKLE,TISSUE,1,1,
ANKLE,WOUND,1,1,
"ANKLE, LEFT",SWAB,0,0,
"ANKLE, LEFT",TISSUE,1,1,
"ANKLE, LEFT",WOUND,1,1,
AORTA,TISSUE,1,1,
AORTIC VALVE,TISSUE,1,1,
AORTIC VALVE,VALVE,1,1,
AQUEOUS HUMOR,AQUEOUS HUMOR,1,1,
ARM,ABSCESS,1,1,
ARM,SWAB,0,0,
ARM,WOUND,1,1,
"ARM, ANTERIOR SURFACE",ABSCESS,1,1,
"ARM, ANTERIOR SURFACE",SKIN,0,0,
"ARM, ANTERIOR SURFACE",SWAB,0,0,
"ARM, ANTERIOR SURFACE",WOUND,1,1,
"ARM, LATERAL SURFACE",ABSCESS,1,1,
"ARM, LATERAL SURFACE",SWAB,0,0,
"ARM, LATERAL SURFACE",WOUND,1,1,
"ARM, MEDIAL SURFACE",ABSCESS,1,1,
"ARM, MEDIAL SURFACE",SWAB,0,0,
"ARM, MEDIAL SURFACE",WOUND,1,1,
"ARM, NOS","SWAB,ARM",0,0,
"ARM, POSTERIOR SURFACE",ABSCESS,1,1,
"ARM, POSTERIOR SURFACE",SWAB,0,0,
"ARM, POSTERIOR SURFACE",WOUND,1,1,
ARTERIAL BLOOD,BLOOD,1,1,
ARTERY,ARTERIAL LINE,1,1,
ASCITIC FLUID,ASCITIC FLUID,1,1,
ASPIRATE,ASPIRATE,1,1,
AXILLA,ABSCESS,1,1,
AXILLA,"BODY SITE, SPECIFY",1,1,
AXILLA,SWAB,0,0,
AXILLA,WOUND,1,1,
BACK,ABSCESS,1,1,
BACK,ASPIRATE,1,1,
BACK,DRAINAGE ,1,1,
BACK,EXUDATE,1,1,
BACK,FLUID,1,1,
BACK,SKIN,0,0,
BACK,SWAB,1,1,
BACK,TISSUE,1,1,
BACK,WOUND,1,1,
BAL,BAL,1,1,
BAL,BRONCHOALVEOLAR LAVAGE,1,1,
BAL (BRONCHIAL ALVEOLAR LAVAGE),BRONCHIAL ALVEOLAR LAVAGE,1,1,
BC BOTTLE,BC BOTTLE,1,1,
BILE,ASPIRATE,1,1,
BILE,BILE,1,1,
BILE,BILE FLUID,1,1,
BILE,DRAINAGE,1,1,
BILE,FLUID,1,1,
BILE,OTHER,1,1,
BILE,SWAB,1,1,
BILIARY TRACT,FLUID,1,1,
BIOPSY,BIOPSY,1,1,
BLOOD,*Unknown at this time*,1,1,
BLOOD,AER/ANAER BLD CUL,1,1,
BLOOD,B D BLD. BOTTLE ,1,1,
BLOOD,BACT BOTTLE,1,1,
BLOOD,"BACT, BLUE/PURPLE",1,1,
BLOOD,BAC-T/ALERT,1,1,
BLOOD,BACT/ALERT BOTTLE,1,1,
BLOOD,BACT/ALERT BOTTLE(s),1,1,
BLOOD,BACT/ALERT BOTTLES,1,1,
BLOOD,BACT/ALERT BOTTLES (1ST SET),1,1,
BLOOD,BACT/ALERT BOTTLES (2ND SET),1,1,
BLOOD,BacT/ALERT MB tube,1,1,
BLOOD,BACT/ALERT-AEROBIC/ANAEROBIC,1,1,
BLOOD,BACTALERT (2)BOTTLES,1,1,
BLOOD,BAC-T-ALERT BOTTLE,1,1,
BLOOD,BACTEC BOTTLE,1,1,
BLOOD,BACTEC BOTTLE (AEROBIC),1,1,
BLOOD,BACTEC BOTTLES,1,1,
BLOOD,BACTEC/PHLEB,1,1,
BLOOD,"BACTI-ALERT,AEROBIC/ANAEROBIC",1,1,
BLOOD,BC BOTTLE,1,1,
BLOOD,BC SAMPLE 2,1,1,
BLOOD,BC SET 1,1,1,
BLOOD,BC SET 2,1,1,
BLOOD,BLD CULTURE BOTTLE,1,1,
BLOOD,BLD CULTURE BOTTLE (SECOND),1,1,
BLOOD,BLOOD,1,1,
BLOOD,BLOOD - ISOLATOR 10,1,1,
BLOOD,BLOOD (2 BACTEC BOT) ,1,1,
BLOOD,BLOOD (BACT/ALERT BOTTLE),1,1,
BLOOD,BLOOD (BACTEC BOTTLE),1,1,
BLOOD,BLOOD (blood),1,1,
BLOOD,BLOOD (C&S),1,1,
BLOOD,BLOOD (CULTURE),1,1,
BLOOD,BLOOD (GENERAL),1,1,
BLOOD,BLOOD (MICRO),1,1,
BLOOD,BLOOD (YELLOW(SPS)),1,1,
BLOOD,BLOOD CULT BOTTLE,1,1,
BLOOD,BLOOD CULT BOTTLE(ANA/AERO),1,1,
BLOOD,BLOOD CULT BOTTLES (2),1,1,
BLOOD,BLOOD CULT SET 1,1,1,
BLOOD,BLOOD CULT SET 2,1,1,
BLOOD,BLOOD CULTURE,1,1,
BLOOD,BLOOD CULTURE  (1) BOTTLE,1,1,
BLOOD,BLOOD CULTURE BOTTLE,1,1,
BLOOD,BLOOD CULTURE BOTTLE (BLOOD),1,1,
BLOOD,BLOOD CULTURE BOTTLE (FLUID),1,1,
BLOOD,BLOOD CULTURE BOTTLE1 (BLD),1,1,
BLOOD,BLOOD CULTURE BOTTLE2 (BLD),1,1,
BLOOD,BLOOD CULTURE BOTTLE-GREEN,1,1,
BLOOD,BLOOD CULTURE BOTTLE-LINE DRAW,1,1,
BLOOD,BLOOD CULTURE BOTTLES,1,1,
BLOOD,BLOOD CULTURE BTL,1,1,
BLOOD,BLOOD CULTURE BTLS (BLU/YELL),1,1,
BLOOD,BLOOD CULTURE SET,1,1,
BLOOD,BLOOD CULTURE VIAL,1,1,
BLOOD,BLOOD CULTURE(TWO BOTTLES),1,1,
BLOOD,BLOOD FOR CULTURE,1,1,
BLOOD,BLOOD GENERAL,1,1,
BLOOD,BLOOD in ISOLATOR TUBE,1,1,
BLOOD,BLOOD ISOLATOR TUBE,1,1,
BLOOD,BLOOD(BACTEC BOTTLES),1,1,
BLOOD,"BLOOD(SPS, yellow/top)",1,1,
BLOOD,"BLOOD,PIC LINE",1,1,
BLOOD,"BLOOD,VENOUS",1,1,
BLOOD,BLOOD/BLDCULT,1,1,
BLOOD,BLOOD/ISOLATOR TUBE,1,1,
BLOOD,BLOOD/MEDIA BOTTLE,1,1,
BLOOD,BLOOD-CULT,1,1,
BLOOD,BLOOD-CULTURE(SET 1),1,1,
BLOOD,BLOOD-CULTURE(SET 2),1,1,
BLOOD,BLOOD-culture-bottles,1,1,
BLOOD,BLOOD-GREEN(BLD),1,1,
BLOOD,BLOOD-IV LINE C&S 2 BOTTLES,1,1,
BLOOD,BLOOD-LINE (MICRO),1,1,
BLOOD,BLOOD-PERIPHERAL,1,1,
BLOOD,BLOOD-PERIPHERAL C&S 2 BOTTLES,1,1,
BLOOD,CATH TIP,1,1,
BLOOD,CATHETER TIP,1,1,
BLOOD,CENTRAL LINE,1,1,
BLOOD,FLUID,1,1,
BLOOD,GENERAL(BLOOD),1,1,
BLOOD,ISOLATOR,1,1,
BLOOD,ISOLATOR (PERIPH),1,1,
BLOOD,ISOLATOR 10,1,1,
BLOOD,ISOLATOR BLOOD COLLECTION TUBE,1,1,
BLOOD,ISOLATOR BLOOD CULTURE,1,1,
BLOOD,ISOLATOR TUBE,1,1,
BLOOD,ISOLATOR(ARTERIAL),1,1,
BLOOD,ISOLATOR-FUNGAL/AFB BLOOD CULT,1,1,
BLOOD,M-BLOOD CATH-OTHER CVL       ,1,1,
BLOOD,M-BLOOD CATH-PERIPHERAL IV   ,1,1,
BLOOD,M-BLOOD CATH-PICC LINE       ,1,1,
BLOOD,M-BLOOD CATH-TUNNEL(EG HICKM),1,1,
BLOOD,M-BLOOD PERCUTANEOUS-ARM/HAND,1,1,
BLOOD,M-BLOOD PERCUTANEOUS-OTHER   ,1,1,
BLOOD,PERIPHERAL (ANTECUBITAL) BLOOD,1,1,
BLOOD,PICC-PERIPH INSERT CENTRL CATH,1,1,
BLOOD,RESIN BOTTLES,1,1,
BLOOD,SILVER/PURPLE,1,1,
BLOOD,SPS,1,1,
BLOOD,STEM CELL,1,1,
BLOOD,TREK,1,1,
BLOOD,VENOUS BLOOD,1,1,
BLOOD,WHOLE BLOOD,1,1,
BLOOD BY ARD,BLOOD BY ARD(FAN),1,1,
BLOOD CULTURE,BLOOD CULTURE,1,1,
BLOOD CULTURE,BLOOD CULTURE 1,1,1,
BLOOD CULTURE,BLOOD CULTURE 2,1,1,
BLOOD CULTURE BOTTLE,BLOOD CULTURE BOTTLE,1,1,
BLOOD VESSEL,CATHETER TIP,1,1,
"BLOOD, OTHER CELLS",STEM CELL,1,1,
BODY FLUID,BODY FLUID,1,1,
BODY FLUID,FLUID,1,1,
BODY FLUID,"FLUID, Other",1,1,
BODY FLUID,"FLUID,MISC",1,1,
BODY FLUID,M-CSF              ,1,1,
BODY FLUID,M-JOINT FLUID      ,1,1,
BODY FLUID,M-OTHER BODY FLUIDS,1,1,
BODY FLUID,M-PERITONEAL FLUID ,1,1,
BODY FLUID,M-PLEURAL FLUID    ,1,1,
"BODY FLUID, NOS",BLOOD CULTURE BOTTLE (BF),1,1,
"BODY FLUID, NOS",BODY FLUID,1,1,
"BODY FLUID, NOS",BRONCHIAL ALVEOLAR LAVAGE,1,1,
"BODY FLUID, NOS",BRONCHOALVEOLAR LAVAGE,1,1,
"BODY FLUID, NOS",DRAINAGE,1,1,
"BODY FLUID, NOS",FLUID,1,1,
"Body fluid, NOS",Other,1,1,
"BODY FLUID, NOS",STERILE CONTAINER,1,1,
"BODY FLUID,NOS",EXUDATE,1,1,
"BODY FLUID,NOS",FLUID,1,1,
"BODY FLUID,NOS","FLUID,NOS",1,1,
"BODY FLUID,UNSP",FLUID,1,1,
"BODY TISSUE, NOS",TISSUE,1,1,
"BODY TISSUE,NOS",GRIND TISSUE,1,1,
"BODY TISSUE,NOS",TISSUE ,1,1,
BONE,BIOPSY,1,1,
BONE,BONE,1,1,
BONE,BONE BIOPSY,1,1,
BONE,ORTHO BONE,1,1,
BONE,OTHER,1,1,
BONE,SWAB,1,1,
BONE,TISSUE,1,1,
BONE,WOUND,1,1,
BONE MARROW,BONE MARROW,1,1,
BONE OF FOOT,BONE,1,1,
BONE OF FOOT,TISSUE,1,1,
BONE OF FOOT,WOUND,1,1,
"BONE,NOS",BONE,1,1,
"BONE,NOS","BONE, NOS",1,1,
BREAST,ABSCESS,1,1,
BREAST,SWAB,0,0,
BREAST,WOUND,1,1,
BRONCH BRUSH C&S,BRONCH BRUSH,1,1,
BRONCH LAVAGE,BRONCHIAL LAVAGE,1,1,
BRONCH WASH,BRONCH WASH,1,1,
BRONCH/ALV,BAL,1,1,
BRONCH-BRUSH CYTOLOGIC MATERIAL,OTHER,1,1,
BRONCHIAL,BAL SPECIAL,1,1,
BRONCHIAL,BRONCHIAL LAVAGE,1,1,
BRONCHIAL,FLUID,1,1,
BRONCHIAL,LAVAGE,1,1,
BRONCHIAL ALVEOLAR LAVAGE,BRONCHIAL ALVEOLAR LAVAGE,1,1,
BRONCHIAL BIOPSY,BRONCHIAL BIOPSY,1,1,
BRONCHIAL BRUSHING (MICRO),BRONCHIAL BRUSHING,1,1,
BRONCHIAL BRUSHING CYTOLOGIC MATERIAL,BRONCHIAL BRUSH,1,1,
BRONCHIAL BRUSHING CYTOLOGIC MATERIAL,BRONCHIAL BRUSHING,1,1,
BRONCHIAL BRUSHING CYTOLOGIC MATERIAL,BRONCHOALVEOLAR LAVAGE,1,1,
BRONCHIAL BRUSHING CYTOLOGIC MATERIAL,BRUSH,1,1,
BRONCHIAL CYTOLOGIC MATERIAL,BRONCHIAL ALVEOLI LAVAGE,1,1,
BRONCHIAL CYTOLOGIC MATERIAL,BRONCHIAL LAVAGE,1,1,
BRONCHIAL CYTOLOGIC MATERIAL,BRONCHIAL WASHINGS,1,1,
BRONCHIAL CYTOLOGIC MATERIAL,BRONCHOALVEOLAR LAVAGE,1,1,
BRONCHIAL CYTOLOGIC MATERIAL,WASHING BRONCHIAL,1,1,
BRONCHIAL LAVAGE,BRONCHIAL LAVAGE,1,1,
BRONCHIAL LUMEN,BAL,1,1,
BRONCHIAL LUMEN,BRONCH ALVEOLAR LAVAGE,1,1,
BRONCHIAL LUMEN,BRONCHIAL BIOPSY,1,1,
BRONCHIAL LUMEN,BRONCHIAL LAVAGE,1,1,
BRONCHIAL LUMEN,BRONCHIAL WASH/BAL/ASPIRATES,1,1,
BRONCHIAL LUMEN,BRONCHIAL WASHING,1,1,
BRONCHIAL LUMEN,BRUSH,1,1,
BRONCHIAL LUMEN,OTHER,1,1,
BRONCHIAL LUMEN,WASHING,1,1,
BRONCHIAL WASH FLUID,BRONCH WASHES,1,1,
BRONCHIAL WASH FLUID,BRONCHIAL LAVAGE,1,1,
BRONCHIAL WASHING,BRONCHIAL WASH,1,1,
BRONCHIAL WASHING,BRONCHIAL WASHING,1,1,
BRONCHIAL WASHING ,BODY FLUIDS,1,1,
BRONCHIAL WASHING ,BRONCHIAL LAVAGE,1,1,
BRONCHIAL WASHING ,BRONCHOALVEOLAR LAVAGE,1,1,
BRONCHIAL WASHING ,BRUSH/WASH BRON.,1,1,
BRONCHIAL WASHING  ,BRONCHIAL WASHING-MICROBIOLOGY,1,1,
BRONCHIAL WASHING  MATERIAL,BRONCHIAL LAVAGE,1,1,
BRONCHIAL WASHING  MATERIAL,BRONCHIAL WASHING,1,1,
BRONCHIAL WASHING  MATERIAL,FLUID,1,1,
BRONCHIAL WASHING  MATERIAL,MINIBAL,1,1,
BRONCHIAL WASHING (MICRO),BRONCHIAL WASHING,1,1,
BRONCHIAL WASHING (MICRO),BRONCHOALVEOLAR LAVAGE,1,1,
BRONCHIAL WASHING CYT MAT.,BRONCHIAL WASHING,1,1,
BRONCHIAL WASHING CYTOLOGIC MATERIAL,BRONCH WASH,1,1,
BRONCHIAL WASHING CYTOLOGIC MATERIAL,BRONCH WASH VCM,1,1,
BRONCHIAL WASHING CYTOLOGIC MATERIAL,BRONCH WASHING,1,1,
BRONCHIAL WASHING CYTOLOGIC MATERIAL,BRONCHIAL ALVEOLAR LAVAGE,1,1,
BRONCHIAL WASHING CYTOLOGIC MATERIAL,BRONCHIAL LAVAGE,1,1,
BRONCHIAL WASHING CYTOLOGIC MATERIAL,BRONCHIAL WASHING,1,1,
BRONCHIAL WASHING CYTOLOGIC MATERIAL,BRONCHIAL WASHINGS,1,1,
BRONCHIAL WASHING CYTOLOGIC MATERIAL,BRONCHOALVEOLAR LAVAGE,1,1,
BRONCHIAL WASHING CYTOLOGIC MATERIAL,FLUID,1,1,
BRONCHIAL WASHING CYTOLOGIC MATERIAL,Other,1,1,
BRONCHIAL WASHING CYTOLOGIC MATERIAL,WASHING,1,1,
BRONCHIAL WASHING CYTOLOGIC MATERIAL,WASHINGS,1,1,
BRONCHIAL WASHING MATERIAL,BRONCHIAL ALVEOLAR LAVAGE,1,1,
BRONCHIAL WASHING MATERIAL,BRONCHIAL WASHING,1,1,
BRONCHIAL WASHING MATERIAL,BRONCHIAL WASHINGS,1,1,
BRONCHIAL WASHINGS,BRONCHIAL WASHING,1,1,
BRONCHIAL WASHINGS,BRONCHIAL WASHINGS,1,1,
BRONCHIAL WASHINGS,"BRONCHIAL WASHINGS,NO FIXATIVE",1,1,
BRONCHIAL WASHINGS,BRONCHOALVEOLAR LAVAGE,1,1,
BRONCHIOLE OF LEFT LOWER LOBE,BRONCHOALVEOLAR LAVAGE,1,1,
BRONCHIOLE OF LEFT UPPER LOBE,BRONCHOALVEOLAR LAVAGE,1,1,
BRONCHIOLE OF RIGHT LOWER LOBE,BRONCHOALVEOLAR LAVAGE,1,1,
BRONCHIOLE OF RIGHT UPPER LOBE,BRONCHOALVEOLAR LAVAGE,1,1,
BRONCHOALVEOLAR LAV PROTECTED,BRONCHOALVEOLAR LAV PROTECTED,1,1,
BRONCHOALVEOLAR LAVAGE,BAL,1,1,
BRONCHOALVEOLAR LAVAGE,BAL FLUID,1,1,
BRONCHOALVEOLAR LAVAGE,BRONCHIAL ALVEOLAR LAVAGE,1,1,
BRONCHOALVEOLAR LAVAGE,BRONCHIAL LAVAGE,1,1,
BRONCHOALVEOLAR LAVAGE,BRONCHOALVEOLAR LAVAGE,1,1,
BRONCHOALVEOLAR LAVAGE,FLUID,1,1,
BRONCHOALVEOLAR LAVAGE,LAVAGE,1,1,
BRONCHO-ALVEOLAR LAVAGE,BRONCHO-ALVEOLAR LAVAGE,1,1,
BRONCHUS,BRONCH LAVAGE,1,1,
BRONCHUS,BRONCH WASH,1,1,
BRONCHUS,BRONCHIAL ALVEOLAR LAVAGE,1,1,
BRONCHUS,BRONCHIAL BIOPSY,1,1,
BRONCHUS,BRONCHIAL BRUSH,1,1,
BRONCHUS,BRONCHIAL BRUSHINGS,1,1,
BRONCHUS,BRONCHIAL LAVAGE,1,1,
BRONCHUS,BRONCHIAL LAVAGE BAL,1,1,
BRONCHUS,BRONCHIAL WASH,1,1,
BRONCHUS,BRONCHIAL WASHING,1,1,
BRONCHUS,BRONCHIAL WASHINGS,1,1,
BRONCHUS,BRONCHOALVEOLAR LAVAGE,1,1,
BRONCHUS,BRONCHOAVEOLAR LAVAGE,1,1,
BRONCHUS,TISSUE,1,1,
BRONCHUS,WASHINGS,1,1,
"BRONCHUS AND ALVEOLUS, CS",BRONCHIAL ALVEOLAR LAVAGE,1,1,
"BRONCHUS AND ALVEOLUS, CS",BRONCHOALVEOLAR LAVAGE,1,1,
"BRONCHUS AND ALVEOLUS, CS",BRONCHOAVEOLAR LAVAGE,1,1,
BRONCH-WASH CYTOLOGIC MATERIAL,BRONCHIAL WASHINGS,1,1,
BURSA,ASPIRATE,1,1,
BURSA,FLUID,1,1,
BURSA,SWAB,1,1,
BURSA,TISSUE,1,1,
BUTTOCK,ABSCESS,1,1,
BUTTOCK,DRAINAGE,1,1,
BUTTOCK,FLUID,1,1,
BUTTOCK,SKIN,0,0,
BUTTOCK,SWAB,0,0,
BUTTOCK,TISSUE,1,1,
BUTTOCK,WOUND,1,1,
CALCANEUS,BONE,1,1,
CALF OF LEG,SWAB,0,0,
CALF OF LEG,TISSUE,1,1,
CALF OF LEG,WOUND,1,1,
CAPILLARY BLOOD,BLOOD,1,1,
CATH TIP,CATH TIP,1,1,
CATH TIP,CATHETER TIP,1,1,
CATH URINE,CATH. URINE,1,1,
CATH. TIP,INTRAVENOUS CATHETER,1,1,
CATHETER,CATH TIP,1,1,
CATHETER,CATHETER,1,1,
CATHETER,CATHETER SITE,1,1,
CATHETER,CATHETER TIP,1,1,
CATHETER,CENTRAL-LINE CATH TIP,1,1,
CATHETER,SWAB,1,1,
CATHETER (NOS),CATHETER,1,1,
"CATHETER INDWELLING,URINE",URINE(MICRO),1,1,
"CATHETER INDWELLING,URINE","URINE, CATH INDWELLING",1,1,
CATHETER SITE,CATHETER TIP,1,1,
CATHETER STRAIGHT,URINE(MICRO),1,1,
CATHETER STRAIGHT,"URINE, CATH STRAIGHT",1,1,
CATHETER TIP,CATHETER,1,1,
Catheter tip,CATHETER TIP,1,1,
CATHETER TIP,IV CATH TIP,1,1,
CATHETER TIP,OTHER,1,1,
CATHETER TIP-CENTRAL LINE,CATHETER TIP-CENTRAL LINE,1,1,
CEREBROSPINAL FLUID,CEREBROSPINAL FLUID,1,1,
CEREBROSPINAL FLUID,CSF,1,1,
CEREBROSPINAL FLUID,CSF (MICRO),1,1,
CEREBROSPINAL FLUID,CSF FLUID,1,1,
CEREBROSPINAL FLUID,CSF TUBE (CHEM),1,1,
CEREBROSPINAL FLUID,CSF TUBE (MICRO),1,1,
CEREBROSPINAL FLUID,CSF(MICRO),1,1,
CEREBROSPINAL FLUID,FLUID,1,1,
CEREBROSPINAL FLUID,"FLUID, CEREBROSPINAL",1,1,
CEREBROSPINAL FLUID,FLUID-SPINAL-CULTURE,1,1,
CEREBROSPINAL FLUID,OTHER,1,1,
CERVICAL CANAL,SWAB,0,0,
CERVICAL SECRETION,CERVICAL DRAINAGE,0,0,
CERVIX UTERI (EXOCERVIX AND ENDOCERVIX),SWAB,0,0,
CHEEK,SWAB,0,0,
CHEEK,WOUND,1,1,
CHEST ,SWAB,0,0,
CHEST (NOT OTHERWISE SPECIFIED),CHEST TUBE DRAINAGE,1,1,
CHEST WALL,ABSCESS,1,1,
CHEST WALL,ASPIRATE,1,1,
CHEST WALL,CATHETER TIP,1,1,
CHEST WALL,DRAINAGE,1,1,
CHEST WALL,FLUID,1,1,
CHEST WALL,SKIN,0,0,
CHEST WALL,SWAB,0,0,
CHEST WALL,TISSUE,1,1,
CHEST WALL,WOUND,1,1,
CHIN,SWAB,0,0,
CHIN,WOUND,1,1,
CLEAN CATCH URINE,URINE(MICRO),1,1,
CLEAN CATCH URINE,"URINE, CLEAN CATCH",1,1,
COCCYX,SWAB,0,0,
COCCYX,WOUND,1,1,
CONTROL,CONTROL,0,0,
CORNEA,CORNEA,0,0,
CORNEA,CORNEAL SCRAPINGS,0,0,
CORNEA,OTHER,0,0,
CORNEA,SWAB,0,0,
CORNEA,TISSUE,0,0,
"CORNEA, ANTERIOR SURFACE",CORNEAL SCRAPING,0,0,
CSF,CSF,1,1,
CSF,FLD-CSF/Micro,1,1,
CSF-LUMB,CSF-LUMBAR,1,1,
"CYSTOSCOPY,URINE","URINE, CYSTOSCOPY",1,1,
DERMIS,WOUND,1,1,
DIALYSATE,DIALYSATE,0,0,
DIALYSATE,DIALYSATE(MICRO),0,0,
DRAINAGE,ABSCESS,0,0,
DRAINAGE,DRAINAGE,0,0,
DRAINAGE,DRAINAGE-ENTER SITE AT COMMENT,0,0,
DRAINAGE ,SWAB,0,0,
DRAINAGE FLUID,DRAINAGE FLUID,1,1,
"DRAINAGE, WOUND",ABSCESS,1,1,
DUODENUM,DUODENAL ASPIRATE,0,0,
EAR,ABSCESS,1,1,
EAR,EAR,0,0,
EAR,EAR FLUID,0,0,
EAR,EAR SWAB,0,0,
EAR,EXUDATE,0,0,
EAR,FLUID,0,0,
EAR,OTHER,0,0,
EAR,SKIN,0,0,
EAR,SWAB,0,0,
EAR,TISSUE,0,0,
EAR,WOUND,0,0,
EAR ,DRAINAGE,0,0,
ELBOW,ABSCESS,1,1,
ELBOW,ASPIRATE,1,1,
ELBOW,DRAINAGE,1,1,
ELBOW,FLUID,1,1,
ELBOW,SWAB,0,0,
ELBOW,TISSUE,1,1,
ELBOW,WOUND,1,1,
ELBOW JOINT,ASPIRATE,1,1,
ENDOCERVIX,SWAB,0,0,
ENVIRONMENTAL,M-RDU WATER      ,0,0,
ENVIRONMENTAL,WATER,0,0,
EPIDURAL SPACE,ABSCESS,1,1,
EPIDURAL SPACE,SWAB,1,1,
EPIDURAL SPACE,TISSUE,1,1,
ESOPHAGEAL BRUSHING,BRUSHINGS,0,0,
EXTREMITY,SWAB,0,0,
EXTREMITY,WOUND,1,1,
EXUDATE,EXUDATE,1,1,
EXUDATE,SWAB,1,1,
EYE,DRAINAGE,0,0,
EYE,EXUDATE,0,0,
EYE,EYE,0,0,
EYE,FLUID,0,0,
EYE,SWAB,0,0,
EYE,WOUND,0,0,
EYELID,SWAB,0,0,
FACE,ABSCESS,1,1,
FACE,SWAB,0,0,
FACE,WOUND,1,1,
"FACE, LEFT SIDE",ABSCESS,1,1,
"FACE, LEFT SIDE",SWAB,0,0,
"FACE, LEFT SIDE",WOUND,1,1,
"FACE, RIGHT SIDE",ABSCESS,1,1,
"FACE, RIGHT SIDE",SWAB,0,0,
"FACE, RIGHT SIDE",WOUND,1,1,
FECES,CAIRY-BLAIR TRANSPORT MEDIA,0,0,
FECES,CARY BLAIR - STOOL,1,1,
FECES,FECES,1,1,
FECES,FECES-MICROBIOLOGY,1,1,
FECES,MB STOOL,1,1,
FECES,PVF KIT - STOOL,1,1,
FECES,STOOL,1,1,
FECES,STOOL (MICRO),1,1,
FECES,STOOL CULTURE,1,1,
FECES,STOOL FOR C&S,1,1,
FECES,STOOL STERILE/NO PRESERVATIVE,1,1,
FECES,STOOL(FECES),1,1,
FECES,STOOL(MICRO),1,1,
FECES,"STOOL, CARY BLAIR",1,1,
FECES,"STOOL, RANDOM",1,1,
FECES,"STOOL,C&S",1,1,
FECES,STOOL-CARY BLAIR MEDIA,1,1,
FECES,STOOL-LIQUID,1,1,
FECES,STOOL-RANDOM,1,1,
FECES,SWAB,0,0,
FECES,"SWAB,RECTAL",0,0,
FEMORAL CANAL,TISSUE,1,1,
FEMUR,BONE,1,1,
FEMUR,SWAB,1,1,
FEMUR,TISSUE,1,1,
FEMUR,WOUND,1,1,
FIBULA,BONE,1,1,
FINGER,ABSCESS,1,1,
FINGER,BONE,1,1,
FINGER,SWAB,0,0,
FINGER,TISSUE,1,1,
FINGER,WOUND,1,1,
"FINGER, DORSAL SURFACE",ABSCESS,1,1,
"FINGER, DORSAL SURFACE",SWAB,0,0,
"FINGER, DORSAL SURFACE",WOUND,1,1,
"FINGER, PALMAR SURFACE",SWAB,0,0,
FLANK,SWAB,0,0,
FLANK,WOUND,1,1,
FLUID,ABDOMINAL FLUID,1,1,
FLUID,ASPIRATE,1,1,
FLUID,BODY FLUID,1,1,
FLUID,BURSA FLUID,1,1,
FLUID,EFFUSION,1,1,
FLUID,FLUID,1,1,
FLUID,"FLUID, OTHER",1,1,
FLUID,PERITONEAL FLUID,1,1,
FLUID,PLEURAL FLUID,1,1,
FLUID,SWAB,1,1,
FLUID,SYNOVIAL FLUID,1,1,
"FLUID, NOS",FLUID,1,1,
"FLUID, NOS","FLUID, OTHER",1,1,
"FLUID, OTHER","FLUID, OTHER",1,1,
"FLUID, SEROSANGUINOUS",FLUID,1,1,
"FLUID,PERITONEAL",PERITONEAL,1,1,
"FLUID,PERITONEAL",PERITONEAL FLUID(Sterile Cup),1,1,
"FLUID,PLEURAL",PLEURAL FLUID (Sterile Cup),1,1,
"FLUID,SYNOVIAL",SYNOVIAL FLUID,1,1,
FOLEY,FOLEY,1,1,
FOOT,ABCESS,1,1,
FOOT,ABSCESS,1,1,
FOOT,Anaerobic Transport Medium,1,1,
FOOT,ASPIRATE,1,1,
FOOT,BIOPSY,1,1,
FOOT,BONE,1,1,
FOOT,CULTURE,1,1,
FOOT,CULTURETTE,1,1,
FOOT,DRAINAGE,1,1,
FOOT,EXUDATE,1,1,
FOOT,FLUID,1,1,
FOOT,FOOT,0,0,
FOOT,OTHER,1,1,
FOOT,SECRETIONS,1,1,
FOOT,SKIN,0,0,
FOOT,SWAB,0,0,
FOOT,SWAB(ENTER SITE AT COMMENT),0,0,
FOOT,"SWAB, FOOT",0,0,
FOOT,"SWAB,AEROBIC",0,0,
FOOT,"SWAB,ANAEROBIC",0,0,
FOOT,SWABS,0,0,
FOOT,TISSUE,1,1,
FOOT,ULCER,1,1,
FOOT,WOUND,1,1,
FOOT,"WOUND,AEROBIC SWAB",1,1,
FOOT,"WOUND,ANAEROBIC SWAB",1,1,
FOOT,"WOUND,OTHER",1,1,
FOOT,WOUND/SWAB,1,1,
FOREARM,ABSCESS,1,1,
FOREARM,SWAB,0,0,
FOREARM,TISSUE,1,1,
FOREARM,WOUND,1,1,
FOREHEAD,WOUND,1,1,
GALLBLADDER,ABSCESS,1,1,
GALLBLADDER,ASPIRATE,1,1,
GALLBLADDER,DRAINAGE,1,1,
GALLBLADDER,FLUID,1,1,
GALLBLADDER,GALLBLADDER,1,1,
GALLBLADDER,OTHER,1,1,
GALLBLADDER,SWAB,1,1,
GALLBLADDER BILE,FLUID,1,1,
GI CONTENTS,M-FECES (STOOL)      ,1,1,
GI CONTENTS,M-RECTAL SWAB        ,1,1,
GLUTEUS MAXIMUS MUSCLE,SWAB,1,1,
GREAT TOE,BONE,1,1,
GREAT TOE,SWAB,0,0,
GREAT TOE,TISSUE,1,1,
GREAT TOE,WOUND,1,1,
GROIN,SWAB,1,1,
HAND,ABSCESS,1,1,
HAND,SKIN,0,0,
HAND,SWAB,0,0,
HAND,TISSUE,1,1,
HAND,WOUND,1,1,
HEAD,SWAB,0,0,
HEAD,WOUND,1,1,
HEEL,BONE,1,1,
HEEL,SWAB,0,0,
HEEL,TISSUE,1,1,
HEEL,WOUND,1,1,
HHUNKNOWN,CATHETER TIP,1,1,
HIP,ABSCESS,1,1,
HIP,ASPIRATE,1,1,
HIP,BONE,1,1,
HIP,FLUID,1,1,
HIP,OTHER,1,1,
HIP,SWAB,1,1,
HIP,"SWAB, HIP",1,1,
HIP,TISSUE,1,1,
HIP,WOUND,1,1,
HIP JOINT,ASPIRATE,1,1,
HIP JOINT,FLUID,1,1,
HIP JOINT,SWAB,1,1,
HIP JOINT,TISSUE,1,1,
HIP JOINT,WOUND,1,1,
HUMERUS,SWAB,1,1,
HUMERUS,TISSUE,1,1,
INGUINAL REGION,ABSCESS,1,1,
INGUINAL REGION,ASPIRATE,1,1,
INGUINAL REGION,FLUID,1,1,
INGUINAL REGION,GROIN,0,0,
INGUINAL REGION,SWAB,0,0,
INGUINAL REGION,TISSUE,1,1,
INGUINAL REGION,WOUND,1,1,
INTERNAL JUGULAR VEIN,CATHETER TIP,1,1,
ISCHIAL SPINE,BONE,1,1,
ISCHIAL TUBEROSITY,BONE,1,1,
ISCHIAL TUBEROSITY,SWAB,1,1,
ISCHIAL TUBEROSITY,WOUND,1,1,
ISCHIUM,BONE,1,1,
ISCHIUM,SWAB,1,1,
ISCHIUM,TISSUE,1,1,
ISCHIUM,WOUND,1,1,
IV CATHETER,CATHETER TIP,1,1,
IV CATHETER TIP,IV CATHETER TIP,1,1,
JACKSON-PRATT DRAIN,JACKSON PRATT DRAINAGE,1,1,
JOINT,ASPIRATE,1,1,
JOINT,FLUID,1,1,
KIDNEY,ASPIRATE,1,1,
KIDNEY,FLUID,1,1,
KNEE,ABSCESS,1,1,
KNEE,ASPIRATE,1,1,
KNEE,BONE,1,1,
KNEE,DRAINAGE,1,1,
KNEE,FLUID,1,1,
KNEE,KNEE,0,0,
KNEE,OTHER,1,1,
KNEE,SWAB,0,0,
KNEE,SYNOVIAL FLUID,1,1,
KNEE,TISSUE,1,1,
KNEE,WOUND,1,1,
KNEE JOINT,ASPIRATE,1,1,
KNEE JOINT,"ASPIRATE, SPFY",1,1,
KNEE JOINT,ASPIRATE-NEEDLE,1,1,
KNEE JOINT,FLUID,1,1,
KNEE JOINT,JOINT FLUID,1,1,
KNEE JOINT,OTHER,1,1,
KNEE JOINT,SWAB,1,1,
KNEE JOINT,SYNOVIAL FLUID,1,1,
KNEE JOINT,SYNOVIUM,1,1,
KNEE JOINT,TISSUE,1,1,
KNEE JOINT,WOUND,1,1,
LEFT EAR,DRAINAGE,0,0,
LEFT EAR,SWAB,0,0,
LEFT ELBOW,SWAB,0,0,
LEFT ELBOW,TISSUE,1,1,
LEFT FOOT,ABSCESS,1,1,
LEFT FOOT,BONE,1,1,
LEFT FOOT,CULTURE,1,1,
LEFT FOOT,FLUID,1,1,
LEFT FOOT,SWAB,0,0,
LEFT FOOT,TISSUE,1,1,
LEFT FOOT,WOUND,1,1,
LEFT FOREARM,SWAB,0,0,
LEFT HAND,SWAB,0,0,
LEFT HAND,TISSUE,1,1,
LEFT HAND,WOUND,1,1,
LEFT INGUINAL REGION,SWAB,0,0,
LEFT INGUINAL REGION,WOUND,1,1,
LEFT KNEE,ASPIRATE,1,1,
LEFT KNEE,FLUID,1,1,
LEFT KNEE,SWAB,0,0,
LEFT KNEE,TISSUE,1,1,
LEFT KNEE,WOUND,1,1,
LEFT LEG,ABSCESS,1,1,
LEFT LEG,CULTURE,1,1,
LEFT LEG,SWAB,0,0,
LEFT LEG,TISSUE,1,1,
LEFT LEG,WOUND,1,1,
LEFT LOWER EXTREMITY,SWAB,0,0,
LEFT LOWER EXTREMITY,WOUND,1,1,
LEFT LUNG,BIOPSY,1,1,
LEFT LUNG,TISSUE,1,1,
LEFT PLEURA,PLEURAL FLUID,1,1,
LEFT PLEURAL,PLEURAL FLUID,1,1,
LEFT THIGH,SWAB,0,0,
LEFT THIGH,TISSUE,1,1,
LEFT THIGH,WOUND,1,1,
LEFT UPPER ARM,SWAB,0,0,
LEFT UPPER ARM,TISSUE,1,1,
LEFT UPPER LOBE OF LUNG,BIOPSY,1,1,
LEFT UPPER LOBE OF LUNG,TISSUE,1,1,
LEG,ABSCESS,1,1,
LEG,ASPIRATE,1,1,
LEG,BONE,1,1,
LEG,CULTURE,1,1,
LEG,DRAINAGE,1,1,
LEG,EXUDATE,1,1,
LEG,FLUID,1,1,
LEG,LEG,0,0,
LEG,OTHER,1,1,
LEG,SWAB,0,0,
LEG,"SWAB,LEG",0,0,
LEG,TISSUE,1,1,
LEG,WOUND,1,1,
LEG ,SKIN,0,0,
"LEG, ANTERIOR SURFACE",ABSCESS,1,1,
"LEG, ANTERIOR SURFACE",DRAINAGE,1,1,
"LEG, ANTERIOR SURFACE",SKIN,0,0,
"LEG, ANTERIOR SURFACE",SWAB,0,0,
"LEG, ANTERIOR SURFACE",SWABS,0,0,
"LEG, ANTERIOR SURFACE",TISSUE,1,1,
"LEG, ANTERIOR SURFACE",WOUND,1,1,
"LEG, LATERAL SURFACE",ABSCESS,1,1,
"LEG, LATERAL SURFACE",SWAB,0,0,
"LEG, LATERAL SURFACE",WOUND,1,1,
"LEG, MEDIAL SURFACE",ABSCESS,1,1,
"LEG, MEDIAL SURFACE",SWAB,0,0,
"LEG, MEDIAL SURFACE",WOUND,1,1,
"LEG, POSTERIOR SURFACE",SWAB,0,0,
"LEG, POSTERIOR SURFACE",WOUND,1,1,
LESION,LESION,1,1,
LIP,SWAB,0,0,
LIVER,ABSCESS,1,1,
LIVER,ASPIRATE,1,1,
LIVER,BIOPSY,1,1,
LIVER,FLUID,1,1,
LIVER,TISSUE,1,1,
LOBE OF LUNG,TISSUE,1,1,
LOWER EXTREMITY,SWAB,0,0,
LOWER EXTREMITY,WOUND,1,1,
"LOWER EXTREMITY, ANTERIOR SURFACE",WOUND,1,1,
LOWER RESPIRATORY FLUIDS,BRONCHIAL LAVAGE,1,1,
LOWER RESPIRATORY FLUIDS,BRONCHIAL WASH,1,1,
LOWER RESPIRATORY FLUIDS AND SPACES,BRONCHIAL WASHING,1,1,
LOWER RESPIRATORY FLUIDS AND SPACES,BRONCHOALVEOLAR LAVAGE,1,1,
LOWER RESPIRATORY FLUIDS AND SPACES,TRACHEAL ASPIRATE,1,1,
LOWER RESPIRATORY TRACT,ETS,1,1,
"LUMBAR AND SACRAL VERTEBRAE, CS",SWAB,1,1,
LUMBAR REGION,FLUID,1,1,
LUMBAR REGION,SWAB,0,0,
LUMBAR REGION,TISSUE,1,1,
LUMBAR REGION,WOUND,1,1,
LUNG,ABSCESS,1,1,
LUNG,ASPIRATE,1,1,
LUNG,BIOPSY,1,1,
LUNG,BRONCH LAVAGE(BAL),1,1,
LUNG,BRONCHIAL ALVEOLAR LAVAGE,1,1,
LUNG,BRONCHIAL BIOPSY,1,1,
LUNG,BRONCHIAL LAVAGE,1,1,
LUNG,BRONCHIAL WASH,1,1,
LUNG,BRONCHIAL WASHING-MICROBIOLOGY,1,1,
LUNG,BRONCHIAL WASHINGS,1,1,
LUNG,BRONCHOALVEOLAR LAVAGE,1,1,
LUNG,BRONCHOSCOPY,1,1,
LUNG,FLUID,1,1,
LUNG,LUNG,1,1,
LUNG,LUNG ASPIRATE,1,1,
LUNG,LUNG BIOPSY,1,1,
LUNG,LUNG TISSUE,1,1,
LUNG,OTHER,1,1,
LUNG,SPUTUM ,1,1,
LUNG,"SPUTUM, EXPECTORATED",1,1,
LUNG,SWAB,1,1,
LUNG,TISSUE,1,1,
LUNG,WASHING,1,1,
LUNG,WASHINGS,1,1,
LUNG,WOUND,1,1,
LYMPH,TISSUE,1,1,
LYMPH NODE,ASPIRATE,1,1,
LYMPH NODE,BIOPSY,1,1,
LYMPH NODE,FINE NEEDLE ASPIRATION,1,1,
LYMPH NODE,LYMPH NODE,1,1,
LYMPH NODE,TISSUE,1,1,
LYMPH NODE OF THORAX,ASPIRATE,1,1,
MANDIBLE,BONE,1,1,
MANDIBLE,SWAB,1,1,
MANDIBLE,TISSUE,1,1,
MANDIBLE,WOUND,1,1,
MAXILLARY SINUS,SWAB,1,1,
MAXILLARY SINUS,TISSUE,1,1,
MAXILLARY SINUS,WOUND,1,1,
MEDICAL DEVICE,PACEMAKER,1,1,
METATARSAL,BONE,1,1,
METATARSAL,SWAB,1,1,
METATARSAL,TISSUE,1,1,
METATARSAL,WOUND,1,1,
MICRO SPECIMEN,MICRO SPEC,1,1,
MINIBAL,MINIBAL,1,1,
MISCELLANEOUS FLUID,"FLUID,MISC",1,1,
MITRAL VALVE,TISSUE,1,1,
MOUTH,ABSCESS,1,1,
MOUTH,SWAB,0,0,
MOUTH,WOUND,1,1,
MUCOUS MEMBRANE,M-THROAT        ,0,0,
NAIL,NAIL,0,0,
NAIL,NAIL SCRAPINGS,0,0,
NAIL,NAILS,0,0,
NAIL OF TOE,NAIL,0,0,
NAIL OF TOE,OTHER,0,0,
"NAIL,NOS",NAIL,0,0,
NARES,NARES,0,1,"<- for viral tests, this would NOT exclude"
NARES,NARES SWAB,0,1,"<- for viral tests, this would NOT exclude"
NARES,NASAL SWAB,0,1,"<- for viral tests, this would NOT exclude"
NARES,"NASAL SWAB, NARES",0,1,"<- for viral tests, this would NOT exclude"
NARES,SWAB,0,1,"<- for viral tests, this would NOT exclude"
NARES,SWAB(Provided by Microbiology),0,1,"<- for viral tests, this would NOT exclude"
NARIS,NARIS,0,1,"<- for viral tests, this would NOT exclude"
NARIS,SWAB (WHITE),0,1,"<- for viral tests, this would NOT exclude"
NASAL CAVITY,NASAL SWAB,0,1,"<- for viral tests, this would NOT exclude"
NASAL CAVITY,NASOPHARYNGEAL SWAB,0,1,"<- for viral tests, this would NOT exclude"
NASAL CAVITY,SUCTION,0,1,"<- for viral tests, this would NOT exclude"
NASAL CAVITY,SWAB,0,1,"<- for viral tests, this would NOT exclude"
NASAL CAVITY,SWAB (WHITE),0,1,"<- for viral tests, this would NOT exclude"
NASAL MUCUS,NASAL,0,1,"<- for viral tests, this would NOT exclude"
NASAL TURBINATE,NASAL SWAB,0,1,"<- for viral tests, this would NOT exclude"
NASOPHARYNGEAL CAVITY,NASOPHARYNGEAL SWAB,0,1,"<- for viral tests, this would NOT exclude"
NASOPHARYNGEAL CAVITY,SWAB,0,1,"<- for viral tests, this would NOT exclude"
NASOPHARYNGEAL CAVITY,"SWAB, RESPIRATORY",0,1,"<- for viral tests, this would NOT exclude"
NASOPHARYNGEAL MUCUS,NASOPHARYNGEAL SWAB,0,1,"<- for viral tests, this would NOT exclude"
NASOPHARYNGEAL MUCUS,NASOPHARYNGEAL WASHINGS,0,1,"<- for viral tests, this would NOT exclude"
NASOPHARYNX,SWAB,0,1,"<- for viral tests, this would NOT exclude"
NASOPHARYNX,"SWAB, NASOPHARYNGEAL",0,1,"<- for viral tests, this would NOT exclude"
NASOPHARYNX,"SWAB,NASOPHARYNX",0,1,"<- for viral tests, this would NOT exclude"
NECK,ABSCESS,1,1,
NECK,ASPIRATE,1,1,
NECK,DRAINAGE,1,1,
NECK,FLUID,1,1,
NECK,SKIN,0,0,
NECK,SWAB,0,0,
NECK,TISSUE,1,1,
NECK,WOUND,1,1,
"NECK, LEFT SIDE",WOUND,1,1,
"NECK, RIGHT SIDE",SWAB,0,0,
NOS FLUID,FLD-OTHER,1,1,
NOSE,NARES,0,1,"<- for viral tests, this would NOT exclude"
NOSE,NASAL,0,1,"<- for viral tests, this would NOT exclude"
NOSE,NOSE SWAB,0,1,"<- for viral tests, this would NOT exclude"
NOSE,SWAB,0,1,"<- for viral tests, this would NOT exclude"
NOSE,WOUND,1,1,
NULL,NULL,0,1,"<- for viral tests, this would NOT exclude"
ORAL CAVITY,ABSCESS,0,1,"<- for viral tests, this would NOT exclude"
ORAL CAVITY,SWAB,0,1,"<- for viral tests, this would NOT exclude"
ORGANISM,CULTURE ORGANISM,1,1,
OROPHARYNX,SWAB,0,1,"<- for viral tests, this would NOT exclude"
OTHER,ABSCESS,1,1,
OTHER,ANASWAB,1,1,
OTHER,ASPIRATE,1,1,
OTHER,BONE,1,1,
OTHER,BRONCHOALVEOLAR LAVAGE,1,1,
OTHER,CATH TIP,1,1,
OTHER,CATHETER TIP,1,1,
OTHER,FLUID,1,1,
OTHER,FLUID(MICRO),1,1,
OTHER,OTHER,1,1,
OTHER,SWAB,1,1,
OTHER,TIP,1,1,
OTHER,TISSUE,1,1,
OTHER,WATER,0,0,
OTHER,WOUND,1,1,
OTHER (SPECIFY SITE),FLUID,1,1,
OTHER (SPECIFY SITE),OTHER (SPECIFY SITE),1,1,
OTHER (SPECIFY SITE),SWAB,1,1,
OTHER (SPECIFY SITE),TISSUE,1,1,
OTHER (SPECIFY SITE),WOUND,1,1,
PARACENTESIS FLUID,PARACENTESIS FLUID,1,1,
PATELLA,TISSUE,1,1,
PELVIC CAVITY,ABSCESS,1,1,
PELVIC CAVITY,ASPIRATE,1,1,
PELVIS,ABSCESS,1,1,
PELVIS,ASPIRATE,1,1,
PENIS,ABSCESS,1,1,
PENIS,DRAINAGE,0,0,
PENIS,OTHER,0,0,
PENIS,SKIN,0,0,
PENIS,SWAB,0,0,
PENIS,WOUND,0,0,
PERIANAL TISSUE,ABSCESS,1,1,
PERIANAL TISSUE,SWAB,0,0,
PERIANAL TISSUE,WOUND,1,1,
PERICARDIAL FLUID,fluid,1,1,
PERICARDIAL FLUID,PERICARDIAL,1,1,
PERICARDIAL FLUID,PERICARDIAL FLUID,1,1,
PERICARDIUM,TISSUE,1,1,
PERINEUM,ABSCESS,1,1,
PERINEUM,SWAB,0,0,
PERINEUM,WOUND,1,1,
PERIRECTAL REGION,ABSCESS,1,1,
PERIRECTAL REGION,SWAB,0,0,
PERIRECTAL REGION,WOUND,1,1,
PERITONE FLD,PERITONEAL FLD,1,1,
PERITONEAL,FLD-PERITONEAL,1,1,
PERITONEAL,PERITONEAL FLD,1,1,
PERITONEAL CAVITY,FLUID,1,1,
PERITONEAL CAVITY,SWAB,1,1,
PERITONEAL FL.,PERITONEAL FLUID  ,1,1,
PERITONEAL FLUID,ASCITES,1,1,
PERITONEAL FLUID,ASCITES FLUID,1,1,
PERITONEAL FLUID,ASCITES(MICRO),1,1,
PERITONEAL FLUID,ASCITIC,1,1,
PERITONEAL FLUID,ASCITIC FLUID,1,1,
PERITONEAL FLUID,ASPIRATE,1,1,
PERITONEAL FLUID,BLOOD CULTURE BOTTLE (FLUID),1,1,
PERITONEAL FLUID,BODY FLUID,1,1,
PERITONEAL FLUID,FLUID,1,1,
PERITONEAL FLUID,"FLUID, BODY",1,1,
PERITONEAL FLUID,"FLUID, PERITONEAL",1,1,
PERITONEAL FLUID,"FLUID,PERITONEAL",1,1,
PERITONEAL FLUID,FLUID-PERITONEAL-CULTURE,1,1,
PERITONEAL FLUID,OTHER,1,1,
PERITONEAL FLUID,PARACENTESIS,1,1,
PERITONEAL FLUID,PARACENTESIS FLUID,1,1,
PERITONEAL FLUID,PERITONEAL,1,1,
PERITONEAL FLUID,"PERITONEAL (ABD,ASCITES) FLUID",1,1,
PERITONEAL FLUID,PERITONEAL (ASCITES) FLUID,1,1,
PERITONEAL FLUID,PERITONEAL (ASCITIC),1,1,
PERITONEAL FLUID,"PERITONEAL FL,CLR.PLAST.,STER.",1,1,
PERITONEAL FLUID,PERITONEAL FL.,1,1,
PERITONEAL FLUID,PERITONEAL FLD,1,1,
PERITONEAL FLUID,PERITONEAL FLUID,1,1,
PERITONEAL FLUID,PERITONEAL FLUID (MICRO),1,1,
PERITONEAL FLUID,PERITONEAL FLUID STERILE,1,1,
PERITONEAL FLUID,PERITONEAL FLUID STERILE CONT,1,1,
PERITONEAL FLUID,PERITONEAL FLUID(micro),1,1,
PERITONEAL FLUID,PERITONEAL FLUID-MICROBIOLOGY,1,1,
PERITONEAL FLUID,PERITONEAL LAV&RED,1,1,
PERITONEAL FLUID,PERITONEAL/ASCITES FLUID,1,1,
PERITONEAL FLUID,PERITONEAL/ASCITIC,1,1,
PERITONEAL FLUID,PERITONEAL/ASCITIC FLUID,1,1,
PERITONEAL FLUID,PLEURAL FLUID,1,1,
PERITONEAL FLUID,SWAB,1,1,
PERITONEAL FLUID,WOUND,1,1,
PERITONEUM,OTHER,1,1,
PERITONEUM,PERITONEAL FLUID,1,1,
PHALANX,BONE,1,1,
PHALANX,SWAB,0,0,
PHARYNGEAL CAVITY,SWAB,0,0,
PHARYNGEAL CAVITY,THROAT SWAB,0,0,
PHARYNGEAL MUCOUS MEMBRANE,SWAB,0,0,
PHARYNX,COPAN SWAB (RED-CAP),0,1,"<- for viral tests, this would NOT exclude"
PHARYNX,CULTURETTE,0,1,"<- for viral tests, this would NOT exclude"
PHARYNX,MEDIA,0,1,"<- for viral tests, this would NOT exclude"
PHARYNX,PHARYNGEAL SWABS,0,1,"<- for viral tests, this would NOT exclude"
PHARYNX,PHARYNX,0,1,"<- for viral tests, this would NOT exclude"
PHARYNX,SWAB,0,1,"<- for viral tests, this would NOT exclude"
PHARYNX,SWAB (WHITE),0,1,"<- for viral tests, this would NOT exclude"
PHARYNX,SWAB PHARYNX,0,1,"<- for viral tests, this would NOT exclude"
PHARYNX,SWAB X 2,0,1,"<- for viral tests, this would NOT exclude"
PHARYNX,SWAB(ENTER SITE AT COMMENT),0,1,"<- for viral tests, this would NOT exclude"
PHARYNX,"SWAB, THROAT",0,1,"<- for viral tests, this would NOT exclude"
PHARYNX,"SWAB,THROAT",0,1,"<- for viral tests, this would NOT exclude"
PHARYNX,SWAB-THROAT,0,1,"<- for viral tests, this would NOT exclude"
PHARYNX,THROAT,0,1,"<- for viral tests, this would NOT exclude"
PHARYNX,THROAT CULTURE,0,1,"<- for viral tests, this would NOT exclude"
PHARYNX,THROAT SWAB,0,1,"<- for viral tests, this would NOT exclude"
PHARYNX,THROAT SWAB-CULTURE,0,1,"<- for viral tests, this would NOT exclude"
PLASMA,BLOOD,1,1,
PLASMA,GREEN(GEL),1,1,
PLEURA,FLUID,1,1,
PLEURA,PLEURAL FLUID,1,1,
PLEURA,TISSUE,1,1,
PLEURAL,FLD-PLEURAL,1,1,
PLEURAL CAVITY,FLUID,1,1,
PLEURAL CAVITY,TISSUE,1,1,
PLEURAL FLUID,ASPIRATE,1,1,
PLEURAL FLUID,BLOOD CULTURE BOTTLE (FLUID),1,1,
PLEURAL FLUID,BODY FLUID,1,1,
PLEURAL FLUID,FLUID,1,1,
PLEURAL FLUID,"FLUID, BODY",1,1,
PLEURAL FLUID,"FLUID, PLEURAL",1,1,
PLEURAL FLUID,"FLUID,PLEURAL",1,1,
PLEURAL FLUID,OTHER,1,1,
PLEURAL FLUID,PLEURAL,1,1,
PLEURAL FLUID,PLEURAL (LUNG) FLUID,1,1,
PLEURAL FLUID,Pleural Cont #3,1,1,
PLEURAL FLUID,"PLEURAL FL, CLR. PLAST.,STER.",1,1,
PLEURAL FLUID,PLEURAL FLUID,1,1,
PLEURAL FLUID,PLEURAL FLUID (MICRO),1,1,
PLEURAL FLUID,PLEURAL FLUID STERILE,1,1,
PLEURAL FLUID,PLEURAL(MICRO),1,1,
PLEURAL FLUID,PLEURAL/THORACENTESIS,1,1,
PLEURAL FLUID,PLEURAL/THORACENTESIS FLUID,1,1,
PLEURAL FLUID,SWAB,1,1,
PLEURAL FLUID,THORACENTESIS,1,1,
PLEURAL FLUID,TISSUE,1,1,
"PLEURAL FLUID, LEFT",PLEURAL FLUID,1,1,
"PLEURAL FLUID, NOS",FLUID,1,1,
"PLEURAL FLUID, NOS",PLEURAL,1,1,
PROSTHETIC DEVICE,"M-INTRAVASCULAR CATHETER, CEN",1,1,
PSOAS MAJOR MUSCLE,ABSCESS,1,1,
RANDOM URINE,RANDOM URINE,1,1,
RANDOM URINE,URINE CATHETERIZED,1,1,
RANDOM URINE,URINE SPECIMEN,1,1,
RANDOM URINE,URINE-CATH,1,1,
RANDOM URINE,URINE-FOLEY CATH,1,1,
RANDOM URINE,URINE-MID/CL CATCH,1,1,
RANDOM URINE,URINE-RANDOM,1,1,
RANDOM URINE,URINE-STRAIGHT CATH,1,1,
RECTAL,PERIRECTAL,0,0,
RECTAL AMPULLA,SWAB,0,0,
RECTAL CONTENTS,SWAB,0,0,
RECTAL LUMEN,SWAB,0,0,
RECTUM,ABSCESS,1,1,
RECTUM,SWAB,0,0,
RECTUM,WOUND,1,1,
RESPIRATORY,BRONCHIAL WASHINGS,1,1,
RESPIRATORY,"SPUTUM,EXPECTORATED",1,1,
RESPIRATORY SYSTEM,BRONCHIAL WASHING,1,1,
RESPIRATORY SYSTEM,"LAVAGE,BRONCHOALVEOLAR",1,1,
RESPIRATORY SYSTEM,SPUTUM,1,1,
RESPIRATORY SYSTEM,THROAT (PHARYNX),1,1,
RETROPERITONEUM,ABSCESS,1,1,
RIGHT ANKLE,SWAB,0,0,
RIGHT ANKLE,TISSUE,1,1,
RIGHT ANKLE,WOUND,1,1,
RIGHT EAR,DRAINAGE,0,0,
RIGHT EAR,SWAB,0,0,
RIGHT ELBOW,WOUND,1,1,
RIGHT FOOT,ABSCESS,1,1,
RIGHT FOOT,BONE,1,1,
RIGHT FOOT,CULTURE,1,1,
RIGHT FOOT,FLUID,1,1,
RIGHT FOOT,SWAB,0,0,
RIGHT FOOT,TISSUE,1,1,
RIGHT FOOT,WOUND,1,1,
RIGHT FOOT,WOUND/SWAB,1,1,
RIGHT FOREARM,SWAB,0,0,
RIGHT HAND,SWAB,0,0,
RIGHT HAND,WOUND,1,1,
RIGHT INGUINAL REGION,SWAB,0,0,
RIGHT INGUINAL REGION,WOUND,1,1,
RIGHT KNEE,ASPIRATE,1,1,
RIGHT KNEE,FLUID,1,1,
RIGHT KNEE,SWAB,0,0,
RIGHT KNEE,TISSUE,1,1,
RIGHT KNEE,WOUND,1,1,
RIGHT LEG,ABSCESS,1,1,
RIGHT LEG,CULTURE,1,1,
RIGHT LEG,SWAB,0,0,
RIGHT LEG,TISSUE,1,1,
RIGHT LEG,WOUND,1,1,
RIGHT LOWER EXTREMITY,SWAB,0,0,
RIGHT LOWER EXTREMITY,WOUND,1,1,
RIGHT LOWER LOBE OF LUNG,TISSUE,1,1,
RIGHT LUNG,BIOPSY,1,1,
RIGHT LUNG,TISSUE,1,1,
RIGHT MIDDLE LOBE OF LUNG,LAVAGE,1,1,
RIGHT PLEURA,PLEURAL FLUID,1,1,
RIGHT THIGH,SWAB,0,0,
RIGHT THIGH,WOUND,1,1,
RIGHT UPPER LOBE OF LUNG,BIOPSY,1,1,
RIGHT UPPER LOBE OF LUNG,LAVAGE,1,1,
RIGHT UPPER LOBE OF LUNG,TISSUE,1,1,
"SACRAL AND COCCYGEAL VERTEBRAE, CS",SWAB,1,1,
"SACRAL AND COCCYGEAL VERTEBRAE, CS",WOUND,1,1,
SACRAL REGION,SWAB,0,0,
SACRAL REGION,TISSUE,1,1,
SACRAL REGION,WOUND,1,1,
SACRUM,BONE,1,1,
SACRUM,SWAB,0,0,
SACRUM,TISSUE,1,1,
SACRUM,WOUND,1,1,
SALINE,*Missing*,0,0,
SCALP,ABSCESS,1,1,
SCALP,SKIN,0,0,
SCALP,SWAB,0,0,
SCALP,TISSUE,1,1,
SCALP,WOUND,1,1,
SCROTUM,ABSCESS,1,1,
SCROTUM,DRAINAGE,0,0,
SCROTUM,FLUID,1,1,
SCROTUM,OTHER,1,1,
SCROTUM,SKIN,0,0,
SCROTUM,SWAB,0,0,
SCROTUM,TISSUE,1,1,
SCROTUM,WOUND,1,1,
SERUM,BLOOD,1,1,
SERUM,RED(NO GEL),1,1,
SERUM,SERUM,1,1,
SHIN,SWAB,0,0,
SHIN,WOUND,0,0,
SHOULDER,ABSCESS,1,1,
SHOULDER,ASPIRATE,1,1,
SHOULDER,FLUID,1,1,
SHOULDER,SWAB,0,0,
SHOULDER,TISSUE,1,1,
SHOULDER,WOUND,1,1,
SHOULDER JOINT,SWAB,1,1,
SHOULDER JOINT,TISSUE,1,1,
SINUS,SINUS,0,0,
SKIN,ABSCESS,1,1,
SKIN,BIOPSY,1,1,
SKIN,CATHETER TIP,0,0,
SKIN,DEEP WOUND,1,1,
SKIN,DRAINAGE,1,1,
SKIN,EXUDATE,1,1,
SKIN,INCISION,1,1,
SKIN,LESION,1,1,
SKIN,OTHER,1,1,
SKIN,SKIN,0,0,
SKIN,SKIN SCRAPINGS,0,0,
SKIN,"SWAB,AEROBIC",0,0,
SKIN,"SWAB,SKIN",0,0,
SKIN,SWAB-SKIN,0,0,
SKIN,WOUND,1,1,
SKIN,WOUND/SWAB,1,1,
SKIN ,SWAB,0,0,
SKIN ,TISSUE,1,1,
SKIN OF ABDOMEN,SWAB,0,0,
SKIN OF ABDOMEN,WOUND,1,1,
SKIN OF BACK,SWAB,0,0,
SKIN OF BACK,WOUND,1,1,
SKIN OF CHEST,SWAB,0,0,
SKIN OF CHEST,WOUND,1,1,
SKIN OF LOWER EXTREMITY,SWAB,0,0,
SKIN OF LOWER LEG,SWAB,0,0,
SPLEEN,TISSUE,1,1,
SPUTUM,ASPIRATE,1,1,
SPUTUM,BRONCHIAL LAVAGE,1,1,
SPUTUM,Choose:,1,1,
SPUTUM,CULTURE,1,1,
SPUTUM,EXPECTORATED SPUTUM,1,1,
SPUTUM,FLUID,1,1,
SPUTUM,FUNGUS,1,1,
SPUTUM,INDUCED SPUTUM,1,1,
SPUTUM,M-BRONCHIAL (ALVEOLAR) LAVAGE,1,1,
SPUTUM,M-BRONCHIAL WASH           ,1,1,
SPUTUM,M-ENDOTRACHEAL ASPIRATE    ,1,1,
SPUTUM,M-EXPECTORATED SPUTUM      ,1,1,
SPUTUM,OTHER,1,1,
SPUTUM,POST BRONCH SPUTUM,1,1,
SPUTUM,SECRETIONS,1,1,
SPUTUM,SPUTUM,1,1,
SPUTUM,SPUTUM (ENDOTRACHEAL SUCTION),1,1,
SPUTUM,SPUTUM (EXPECTORATED),1,1,
SPUTUM,SPUTUM (INDUCED),1,1,
SPUTUM,SPUTUM (SUCTIONED),1,1,
SPUTUM,SPUTUM- EXPECTORATED,1,1,
SPUTUM,SPUTUM FOR BACTERIAL CULT,1,1,
SPUTUM,SPUTUM FOR CULTURE,1,1,
SPUTUM,SPUTUM FOR TB CULTURE,1,1,
SPUTUM,SPUTUM INDUCED,1,1,
SPUTUM,SPUTUM- INDUCED,1,1,
SPUTUM,SPUTUM- TRACH SUCTION,1,1,
SPUTUM,"SPUTUM, EXPECTORATED",1,1,
SPUTUM,"SPUTUM, INDUCED",1,1,
SPUTUM,"SPUTUM, NOT SPECIFIED",1,1,
SPUTUM,"SPUTUM, OTHER",1,1,
SPUTUM,"SPUTUM,BRONCHOSCOPY",1,1,
SPUTUM,"SPUTUM,EXPECTOR",1,1,
SPUTUM,"SPUTUM,EXPECTORATED",1,1,
SPUTUM,"SPUTUM,EXPECTORATED/ASPIRATED",1,1,
SPUTUM,"SPUTUM,IND.CATH",1,1,
SPUTUM,"SPUTUM,IND.UPDRT",1,1,
SPUTUM,"SPUTUM,INDUCED",1,1,
SPUTUM,"SPUTUM,RESP.THERAPY ASSISTED",1,1,
SPUTUM,"SPUTUM,SUCTIONED",1,1,
SPUTUM,"SPUTUM,TRACH/ET",1,1,
SPUTUM,"SPUTUM,TRACHEAL ASPIRATE",1,1,
SPUTUM,"SPUTUM,TRANSTRACHEAL ASPIRATE",1,1,
SPUTUM,SPUTUM-EXPECTORATED,1,1,
SPUTUM,SPUTUM-INDUCED,1,1,
SPUTUM,SPUTUM-NOT SPECIFIED,1,1,
SPUTUM,SPUTUM-SUCTION TRAP,1,1,
SPUTUM,SPUTUM-TB,1,1,
SPUTUM,SPUTUM-TRANSTRACHEAL,1,1,
SPUTUM,SWAB,1,1,
SPUTUM,TISSUE,1,1,
SPUTUM,TRACHEAL ASPIRATE,1,1,
SPUTUM,TRANSTRACHEAL ASPIRATE,1,1,
SPUTUM,TRAP,1,1,
SPUTUM-COUGHED,"SPUTUM,EXPECTORATED",1,1,
SPUTUM-EXPECTORATED (COUGHED),SPUTUM-EXPECTORATED (COUGHED),1,1,
SPUTUM-INDUCED,SPUTUM-INDUCED,1,1,
SPUTUM-SUCTION,SPUTUM-SUCTION,1,1,
STEM CELL BLOOD,STEM CELL,1,1,
STERNUM,BONE,1,1,
STERNUM,SWAB,1,1,
STERNUM,TISSUE,1,1,
STERNUM,WOUND,1,1,
STOOL,STOOL,1,1,
STOOL,STOOL (GREEN TOP),1,1,
STOOL PRESERVED,STOOL PRESERVED,1,1,
SUBCLAVIAN VEIN,CATHETER TIP,1,1,
SUPRAPUBIC REGION,SWAB,0,0,
SWAB,SWAB,0,0,
SWAB,SWAB(ENTER SITE AT COMMENT),0,0,
SWAB,WOUND,0,0,
SWABS,THROAT SWABS,0,0,
SYNOVIAL,FLD-SYNOVIAL,1,1,
SYNOVIAL FLUID,ASPIRATE,1,1,
SYNOVIAL FLUID,BODY FLUIDS,1,1,
SYNOVIAL FLUID,FLUID,1,1,
SYNOVIAL FLUID,"FLUID, SYNOVIAL",1,1,
SYNOVIAL FLUID,FLUID-SYNOVIAL-CULTURE,1,1,
SYNOVIAL FLUID,JOINT FLUID,1,1,
SYNOVIAL FLUID,JOINT SYNOVIAL FLUID,1,1,
SYNOVIAL FLUID,KNEE SYNOVIAL FLUID,1,1,
SYNOVIAL FLUID,OTHER,1,1,
SYNOVIAL FLUID,SWAB,1,1,
SYNOVIAL FLUID,SYNOVIAL,1,1,
SYNOVIAL FLUID,SYNOVIAL (JOINT) FLUID,1,1,
SYNOVIAL FLUID,"SYNOVIAL FL, CLR. PLAST.,STER.",1,1,
SYNOVIAL FLUID,SYNOVIAL FLD,1,1,
SYNOVIAL FLUID,SYNOVIAL FLUID,1,1,
SYNOVIAL FLUID,SYNOVIAL FLUID (JOINT FLUID),1,1,
SYNOVIAL FLUID,SYNOVIAL FLUID (MICRO),1,1,
SYNOVIAL FLUID,SYNOVIAL FLUID R&L,1,1,
SYNOVIAL FLUID,SYNOVIAL FLUID STERILE CONT,1,1,
SYNOVIAL FLUID,SYNOVIAL/JOINT FLUID,1,1,
SYNOVIAL FLUID,SYNOVIUM,1,1,
"SYNOVIAL FLUID, NOS",SYNOVIAL,1,1,
SYNOVIAL JOINT,ASPIRATE,1,1,
SYNOVIAL JOINT,FLUID,1,1,
SYNOVIAL JOINT,SYNOVIAL FLUID,1,1,
SYNOVIUM,SWAB,1,1,
SYNOVIUM,TISSUE,1,1,
THIGH,ABSCESS,1,1,
THIGH,ASPIRATE,1,1,
THIGH,DRAINAGE,1,1,
THIGH,FLUID,1,1,
THIGH,SKIN,0,0,
THIGH,SWAB,0,0,
THIGH,TISSUE,1,1,
THIGH,WOUND,1,1,
THORACENTESIS,THORACENTESIS FLUID,1,1,
THORACENTESIS FLUID,PLEURAL FLUID-FOR MICROBIOLOGY,1,1,
THROAT,PHARYNGEAL SWAB,0,0,
THROAT,SWAB,0,0,
THROAT,THROAT,0,0,
THUMB,ABSCESS,1,1,
THUMB,SWAB,0,0,
THUMB,WOUND,1,1,
TIBIA,BONE,1,1,
TIBIA,SWAB,1,1,
TIBIA,TISSUE,1,1,
TIBIA,WOUND,1,1,
TIP,TIP,1,1,
TISSUE,ABSCESS,1,1,
TISSUE,Anaerobic Transport Medium,1,1,
TISSUE,BIOPSY,1,1,
TISSUE,M-BONE        ,1,1,
TISSUE,M-LUNG        ,1,1,
TISSUE,M-NAIL        ,1,1,
TISSUE,M-OTHER TISSUE,1,1,
TISSUE,M-SKIN        ,1,1,
TISSUE,ORTHO TISSUE,1,1,
TISSUE,SKIN,1,1,
TISSUE,SWAB,1,1,
TISSUE,TISSUE,1,1,
TISSUE,TISSUE (STERILE CONTAINER),1,1,
TISSUE,TISSUE CULTURE,1,1,
TISSUE,"TISSUE, SALINE",1,1,
TISSUE,"TISSUE, SPECIFY TYPE",1,1,
TISSUE,WOUND,1,1,
"TISSUE, OTHER/NOS",TISSUE,1,1,
"TISSUE,NOS",TISSUE [GLA],1,1,
TOE,ABSCESS,1,1,
TOE,BONE,1,1,
TOE,CULTURE,1,1,
TOE,DRAINAGE,1,1,
TOE,EXUDATE,1,1,
TOE,FLUID,1,1,
TOE,NAIL,0,0,
TOE,OTHER,1,1,
TOE,SKIN,0,0,
TOE,SWAB,0,0,
TOE,TISSUE,1,1,
TOE,TOE,0,0,
TOE,ULCER,1,1,
TOE,WOUND,1,1,
TOE,WOUND/SWAB,1,1,
"TOE, DORSAL SURFACE",SWAB,0,0,
"TOE, DORSAL SURFACE",WOUND,1,1,
"TOE, LATERAL SURFACE",SWAB,0,0,
"TOE, LATERAL SURFACE",WOUND,1,1,
"TOE, MEDIAL SURFACE",SWAB,0,0,
"TOE, MEDIAL SURFACE",WOUND,1,1,
"TOE, PLANTAR SURFACE",SWAB,0,0,
"TOE, PLANTAR SURFACE",WOUND,1,1,
TONGUE,SWAB,0,0,
TONSIL,SWAB,0,0,
TOPOGRAPHY N/A,DIALYSATE-CENTRAL FLUID,0,0,
TOPOGRAPHY NOT ASSIGNED,UNKNOWN,0,0,
TOPOGRAPHY NOT ASSIGNED,WATER,0,0,
TOPOGRAPHY UNKNOWN,FLUID,0,0,
TRACHEA,ASPIRATE,1,1,
TRACHEA,ENDOTRACHEAL ASPIRATE,1,1,
TRACHEA,SPUTUM,1,1,
TRACHEA,SWAB,1,1,
TRACHEA,TRACHEAL ASPIRATE,1,1,
TRACHEA,TRACHEAL ASPIRATES,1,1,
TRACHEA,TRACHIAL ASPIRATE,1,1,
TRACHEA,TRANS TRACHEAL ASPIRATE,1,1,
TRACHEAL MUCUS,TRACH,1,1,
TRANSTRACHEAL ASPIRATE,TRANSTRACHEAL ASPIRATE,1,1,
TROCHANTER PROCESS OF FEMUR,WOUND,1,1,
ULCER,WOUND,1,1,
UMBILICUS,SWAB,1,1,
UNKNOWN,ASPIRATE,1,1,
UNKNOWN,BACTERIA,1,1,
UNKNOWN,BONE,1,1,
UNKNOWN,CATHETER TIP/LINE,1,1,
UNKNOWN,CULTURE,1,1,
UNKNOWN,FLUID,1,1,
UNKNOWN,OTHER,1,1,
UNKNOWN,SWAB,1,1,
UNKNOWN,TISSUE,1,1,
UNKNOWN,UNKNOWN,1,1,
UNKNOWN,WATER,0,0,
UNKNOWN,WOUND,1,1,
UPPER EXTREMITY,WOUND,1,1,
URETHRA,SWAB,0,0,
URETHRA,URETHRA,0,0,
URETHRA,URETHRAL DISCHARGE,0,0,
"URETHRA AND MALE GENITAL SYSTEM, CS",SWAB,0,0,
"URETHRA AND VAGINA, CS",GC SWAB GENITAL,0,0,
URINARY BLADDER,URINE CATHETERIZED,1,1,
URINARY BLADDER CYTOLOGIC MATERIAL,BLADDER WASHING,1,1,
URINE,1 CUP (Sterile),1,1,
URINE,2 HR URINE,1,1,
URINE,50ml Sterile Cup,1,1,
URINE,ASPIRATE,1,1,
URINE,BLADDER(CYSTO) URINE,1,1,
URINE,C&S TUBE,1,1,
URINE,CATH URINE,1,1,
URINE,CATHETER,1,1,
URINE,CATHETER TIP,1,1,
URINE,CATHETER URINE,1,1,
URINE,CATHETERIZED,1,1,
URINE,CATH-INDWELLING STRAIGHT,1,1,
URINE,CCMS URINE,1,1,
URINE,CCUA,1,1,
URINE,CLEAN CATCH,1,1,
URINE,CLEAN CATCH UR,1,1,
URINE,CLEAN CATCH URINE,1,1,
URINE,FLUID,1,1,
URINE,FOLEY,1,1,
URINE,FOLEY CATHETER,1,1,
URINE,FOLEY CATHETER URINE,1,1,
URINE,MIDSTREAM,1,1,
URINE,MIDSTREAM URINE,1,1,
URINE,MID-STREAM URINE SAMPLE,1,1,
URINE,"M-URINE,EXTERNAL(CONDOM)CATH ",1,1,
URINE,"M-URINE,NEPHROSTOMY          ",1,1,
URINE,"M-URINE,SUPRAPUBIC/BLAD ASP  ",1,1,
URINE,OTHER,1,1,
URINE,SELECT SAMPLE TYPE,1,1,
URINE,STERILE CUP,1,1,
URINE,STERILE URINE,1,1,
URINE,STRAIGHT CATH,1,1,
URINE,STRAIGHT CATHETER URINE,1,1,
URINE,SWAB,1,1,
URINE,UR CLEAN CATCH,1,1,
URINE,UR FOLEY CATH,1,1,
URINE,UR STRAIGHT CATH,1,1,
URINE,"URIN,RAND",1,1,
URINE,URINE,1,1,
URINE,URINE (50ml Cup),1,1,
URINE,URINE (CATH),1,1,
URINE,URINE (CATHERIZED),1,1,
URINE,"URINE (CATHETER, INDWELLING)",1,1,
URINE,"URINE (CATHETER, STRAIGHT)",1,1,
URINE,URINE (CATHETERIZED),1,1,
URINE,URINE (CL CATCH),1,1,
URINE,URINE (CLEAN CATCH),1,1,
URINE,URINE (Clean Catch},1,1,
URINE,"URINE (Culture), Sterile*",1,1,
URINE,URINE (FOR C&S),1,1,
URINE,URINE (MIDSTREAM),1,1,
URINE,URINE (NEPHROSTOMY),1,1,
URINE,URINE (NOT FOR CULTURES),1,1,
URINE,URINE (RANDOM),1,1,
URINE,URINE (SPOT),1,1,
URINE,URINE (URINALYSIS),1,1,
URINE,URINE (VACUTAINER TUBE),1,1,
URINE,URINE {CATH w/Antibiotics},1,1,
URINE,URINE {CATH w/o Antibiotics},1,1,
URINE,URINE {CC w/o Antibiotics},1,1,
URINE,URINE C&S,1,1,
URINE,URINE C&S CONTAINER,1,1,
URINE,URINE CATH,1,1,
URINE,URINE CATHETER,1,1,
URINE,URINE -CATHETER,1,1,
URINE,URINE CATHETERIZED,1,1,
URINE,URINE CLEAN CATCH,1,1,
URINE,URINE- CLEAN CATCH,1,1,
URINE,URINE CLEAN CATCH (VOIDED),1,1,
URINE,URINE CLEAN VOID,1,1,
URINE,URINE CONTAINER,1,1,
URINE,URINE CULTURE CONTAINER,1,1,
URINE,URINE CYSTOSCOPY,1,1,
URINE,URINE FOLEY,1,1,
URINE,URINE- FOLEY,1,1,
URINE,URINE FOLEY CATHETER,1,1,
URINE,URINE FOR C&S,1,1,
URINE,URINE FOR CULTURE,1,1,
URINE,URINE GRAY,1,1,
URINE,URINE I/O CATH,1,1,
URINE,URINE INDWELLING CATH,1,1,
URINE,URINE INDWELLING CATHETER,1,1,
URINE,URINE IN-OUT CATHETER,1,1,
URINE,URINE MICROBIOLOGY,1,1,
URINE,URINE MIDSTREAM-CLEAN CATCH,1,1,
URINE,URINE NEPHROSTOMY,1,1,
URINE,URINE NEPHROSTOMY L,1,1,
URINE,URINE RANDOM,1,1,
URINE,URINE SPECIMEN,1,1,
URINE,URINE STERILE CUP,1,1,
URINE,URINE STRAIGHT CATH,1,1,
URINE,URINE- STRAIGHT CATH,1,1,
URINE,URINE STRAIGHT CATHETER,1,1,
URINE,URINE SUPRAPUBIC,1,1,
URINE,URINE- SUPRAPUBIC ,1,1,
URINE,URINE UA,1,1,
URINE,URINE VOIDED,1,1,
URINE,URINE(CATH),1,1,
URINE,URINE(CLEAN CATCH),1,1,
URINE,URINE(MICRO),1,1,
URINE,URINE(RANDOM),1,1,
URINE,URINE(STERILE),1,1,
URINE,"URINE,    RANDOM",1,1,
URINE,"URINE,  (BACT) CLEAN CATCH",1,1,
URINE,"URINE,  CATHETERIZED",1,1,
URINE,"URINE, (BACT) CATH. INDWELLING",1,1,
URINE,"URINE, (BACT) CATH. STRAIGHT",1,1,
URINE,"URINE, (BACT) CYSTOSCOPY",1,1,
URINE,"URINE, (BACT) SUPRAPUBIC CATH",1,1,
URINE,"URINE, 2ND VOIDED",1,1,
URINE,"URINE, CATH",1,1,
URINE,"URINE, CATH INDWELLING",1,1,
URINE,"URINE, CATHETER SPEC.",1,1,
URINE,"URINE, CATHETERIZED",1,1,
URINE,"URINE, CCMS",1,1,
URINE,"URINE, CLEAN CATCH",1,1,
URINE,"URINE, CLEAN CATCH MID STREAM",1,1,
URINE,"URINE, Clean Catch-Mid Stream",1,1,
URINE,"URINE, CYSTOSCOPY",1,1,
URINE,"URINE, From Foley Cath Port",1,1,
URINE,"URINE, NEPHROSTOMY",1,1,
URINE,"URINE, OTHER",1,1,
URINE,"URINE, RANDOM",1,1,
URINE,"URINE, Random Catheter",1,1,
URINE,"URINE, STERILE",1,1,
URINE,"URINE, STERILE (MICRO)",1,1,
URINE,"URINE, STERILE CONTAINER",1,1,
URINE,"URINE, SUPRA PUBIC",1,1,
URINE,"URINE, VOIDED",1,1,
URINE,"URINE,C&S",1,1,
URINE,"URINE,CATHERIZED",1,1,
URINE,"URINE,CATHETER",1,1,
URINE,"URINE,CATHETER INDWELLING",1,1,
URINE,"URINE,CATHETER STRAIGHT",1,1,
URINE,"URINE,CATHETERIZED",1,1,
URINE,"URINE,CLEAN CATCH",1,1,
URINE,"URINE,CLEAN CATCH (VOIDED)",1,1,
URINE,"URINE,CLEAN/CATCH",1,1,
URINE,"URINE,CULTURE",1,1,
URINE,"URINE,EXTERNAL CATHETER",1,1,
URINE,"URINE,INDWELLING CATHETER",1,1,
URINE,"URINE,MIDSTREAM",1,1,
URINE,"URINE,NEPHROSTOMY",1,1,
URINE,"URINE,RANDOM",1,1,
URINE,"URINE,SCI CATH",1,1,
URINE,"URINE,SPOT",1,1,
URINE,"URINE,STERILE",1,1,
URINE,"URINE,STERILE (CLEAN CATCH)",1,1,
URINE,"URINE,STRAIGHT CATHETER",1,1,
URINE,"URINE,SUPRAPUBIC CATHETER",1,1,
URINE,"URINE,SUPRAPUBIC PUNCTURE",1,1,
URINE,"URINE,TIME",1,1,
URINE,"URINE,UA ONLY",1,1,
URINE,"URINE,VOIDED (SPOT)",1,1,
URINE,URINE/CC,1,1,
URINE,URINE/CULTURE,1,1,
URINE,URINE/Spot,1,1,
URINE,URINE; CATHETER INDWELLING,1,1,
URINE,URINE; CLEAN CATCH MIDSTREAM,1,1,
URINE,URINE-CATH,1,1,
URINE,URINE-CATHETER,1,1,
URINE,URINE-CATHETER INDWELLING,1,1,
URINE,URINE-CATHETER STRAIGHT,1,1,
URINE,URINE-CATHETERIZED,1,1,
URINE,URINE-CLEAN CATCH,1,1,
URINE,URINEcleanCATCH,1,1,
URINE,URINE-MID/CL CATCH,1,1,
URINE,URINE-Non24hr.,1,1,
URINE,URINE-OTHER,1,1,
URINE,URINE-PRESERVATIVE,1,1,
URINE,URINE-RANDOM,1,1,
URINE,URINE-UA,1,1,
URINE,VOIDED,1,1,
URINE,VOIDED URINE,1,1,
URINE ,CLEAN CATCH MIDSTREAM URINE,1,1,
URINE ,INDWELLING CATHETER,1,1,
URINE ,STRAIGHT CATHETER,1,1,
URINE (CLEAN CATCH),URINE,1,1,
URINE (MICRO),"URINE, (MICRO)",1,1,
URINE (MICROBIOLOGY),URINE (MICROBIOLOGY),1,1,
URINE (Spot),URINE-SPOT,1,1,
URINE (STERILE CONTAINER),URINE (STERILE CONTAINER),1,1,
URINE CATHETER,URINE,1,1,
URINE CLEAN CATCH,UR CLEAN CATCH,1,1,
URINE CLEAN CATCH,URINE CLEAN CATCH,1,1,
URINE RANDOM,URINE RANDOM,1,1,
URINE RANDOM,"URINE, RANDOM",1,1,
"URINE, CLEAN CATCH",URINE CLEAN CATCH,1,1,
"URINE, SPOT","URINE, SPOT",1,1,
"URINE, STRAIGHT CATH","URINE, STRAIGHT CATH",1,1,
"URINE,C&S",URINE UA,1,1,
"URINE,C&S",URINE-Culture,1,1,
"URINE,C&S",URN-Cath,1,1,
"URINE,C&S",URN-CleanCtch,1,1,
"URINE,C&S",URN-StrghtCath,1,1,
"URINE,CATH, INDWELL/SELF CATH","URINE, CATH, INDWELL/SELF CATH",1,1,
"URINE,CATHETER,NEWLY PLACED","URINE, CATHETER, NEWLY PLACED",1,1,
"URINE,CLEAN CATCH","URINE, CLEAN CATCH",1,1,
"URINE,CLEAN CTCH",URINE UA,1,1,
VAGINA,SWAB,0,0,
VAGINA,VAGINAL,0,0,
VAGINA,VAGINAL DISCHARGE,0,0,
VAGINA,VAGINAL SWAB,0,0,
"VAGINA AND CERVIX, CS",SWAB,0,0,
VAGINAL CANAL,SWAB,0,0,
VAGINAL CANAL,VAGINAL,0,0,
VAGINAL SECRETION,VAGINAL,0,0,
VAGINAL SECRETION,VAGINAL SECRETIONS,0,0,
VEIN,BLOOD (SPS) YELLOW,1,1,
VEIN,CATHETER TIP,1,1,
VEIN,CENTRAL LINE TIP,1,1,
VEIN,PICC LINE,1,1,
VEIN OF UPPER EXTREMITY,CATHETER TIP,1,1,
VENOUS BLOOD,VENOUS BLOOD,1,1,
VERTEBRA,BIOPSY,1,1,
VERTEBRA,BONE,1,1,
WATER,WATER,0,0,
WATER,WATER (DENTAL),0,0,
WATER,WATER-HS,0,0,
WATER (environmental),WATER,0,0,
"WATER,NOS",*Missing*,0,0,
Wouind,WOUND,1,1,
WOUND,ABSCESS,1,1,
WOUND,BLISTER,1,1,
WOUND,CULTURETTE,1,1,
WOUND,DECUBITUS,1,1,
WOUND,DRAINAGE,1,1,
WOUND,EXUDATE,1,1,
WOUND,FLUID,1,1,
WOUND,M-ABSCESS,1,1,
WOUND,M-DIABETIC WOUND ,1,1,
WOUND,M-OTHER WOUND    ,1,1,
WOUND,M-SUPERFICIAL    ,1,1,
WOUND,M-SURGICAL WOUND ,1,1,
WOUND,M-ULCER          ,1,1,
WOUND,M-WOUND ASPIRATE ,1,1,
WOUND,SUPERFICIAL WOUND,1,1,
WOUND,SWAB,1,1,
WOUND,SWAB(ENTER SITE AT COMMENT),1,1,
WOUND,TISSUE,1,1,
WOUND,WOUND,1,1,
WOUND,WOUND - REGULAR,1,1,
WOUND,WOUND/SWAB,1,1,
WOUND,WOUNDS,1,1,
WOUND DRAINAGE,"DRAINAGE, WOUND",1,1,
WOUND DRAINAGE,SWAB,1,1,
WOUND DRAINAGE,WOUND,1,1,
WOUND NOS,ABSCESS,1,1,
WOUND NOS,SWAB,1,1,
WOUND NOS,WOUND,1,1,
WRIST,ABSCESS,1,1,
WRIST,ASPIRATE,1,1,
WRIST,FLUID,1,1,
WRIST,SWAB,0,0,
WRIST,TISSUE,1,1,
WRIST,WOUND,1,1,
zzSWAB,E-SWAB,1,1,
zzSWAB,SWAB,1,1,
