workloadcode,labprocedure,ct,Include,
87553.0000,Urine Culture,1087140,x,
87512.0000,Blood Culture Automated,899068,x,
87555.0000,Blood Culture,336637,x,
87512.7103,Blood Culture Automated~BACTEC 9240,89358,x,
87553.7000,Urine Culture~MANUAL MICRO,66842,x,
87557.0000,Stool Culture,58399,x,
87512.7086,Blood Culture Automated~BACT/ALERT,25420,x,
87600.0000,Inoculation Blood culture,21843,x,
87015.0000,Blood Culture Conventional,19970,x,
87993.7626,Micro Bacteriology Culture~URINE,18060,x,
87511.0000,Blood Culture Manual,15095,x,
87517.0000,Body Fluid Culture Automated,14052,x,
87512.7109,Blood Culture Automated~BACTEC 9120,10838,x,
87555.7608,Blood Culture~SPECIMEN/SOURCE 1,7240,x,
87557.7000,Stool Culture~MANUAL MICRO,6791,x,
87512.7103,Blood Culture Automated~BACTEC9000,6705,x,
87555.7086,Blood Culture~BACT/ALERT,5973,x,
84846.0000,Clostridium dif Tox A+B,5778,x,
87555.7610,Blood Culture~SPECIMEN/SOURCE 2,5432,x,
87275.0000,Culture Clostridium Difficle,4658,x,
87553.7200,Urine Culture~CULTURE/IN HOUSE,4585,x,
87261.0000,Influenza A&B,3634,x,
93949.7000,Sputum Screen~MANUAL MICRO,3235,x,
87450.0000,Influenza A,3059,x,
87993.7618,Micro Bacteriology Culture~SPUTUM,3051,x,
87993.7121,Micro Bacteriology Culture~URINE CULTURE,2771,x,
87010.0000,Clostridium Difficile Toxin,2065,x,
87993.7622,Micro Bacteriology Culture~STOOL,1856,x,
87554.0000,CSF Culture,1512,x,
87553.7626,Urine Culture~URINE,884,x,
87553.8642,"Urine Culture~VA PHILADELPHIA, PA",581,x,
87261.7000,Influenza A&B~MANUAL MICRO,573,x,
87555.4678,Blood Culture~NOS-2,518,x,
87557.8053,Stool Culture~QUEST DIAG,459,x,
87557.8121,Stool Culture~LAB CORP,456,x,
87993.7119,Micro Bacteriology Culture~STOOL CULTURE,452,x,
93937.7657,Culture Viral~RESPIRATORY CULTURE,381,x,
87261.3107,Influenza A&B~TAS,378,x,
87512.8122,Blood Culture Automated~FUNGUS CULTURE,349,x,
87554.7000,CSF Culture~MANUAL MICRO,344,x,
87557.7119,Stool Culture~STOOL CULTURE,313,x,
87528.7657,Culture Aerobic&Anerobic~RESPIRATORY CULTURE,310,x,
87999.7634,Micro Misc Culture~CATHETER,221,x,
87218.7119,Misc Culture 9~STOOL CULTURE,220,x,
87557.7200,Stool Culture~CULTURE/IN HOUSE,159,x,
87555.8121,Blood Culture~LAB CORP,156,x,
87098.7634,Misc Culture 5~CATHETER,108,x,
87555.7195,Blood Culture~FUNGAL BLOOD CULTURE,93,x,
87555.8027,Blood Culture~UNIVERSITY 1,78,x,
87525.7653,Culture Mycobacteria~BLOOD CULTURE,67,x,
87993.7602,Micro Bacteriology Culture~CEREBROSPINAL FLUID,62,x,
87555.4679,Blood Culture~NOS-3,54,x,
87559.7634,Misc Culture~CATHETER,49,x,
87553.7634,Urine Culture~CATHETER,35,x,
87994.7602,Micro Mycology Culture~CEREBROSPINAL FLUID,32,x,
87984.0000,Clostridium Difficile Toxin A,31,x,
87994.7642,Micro Mycology Culture~BRONCHIAL ALVEOLAR LAVAGE BAL,24,x,
87993.7634,Micro Bacteriology Culture~CATHETER,22,x,
87994.7618,Micro Mycology Culture~SPUTUM,21,x,
87993.7642,Micro Bacteriology Culture~BRONCHIAL ALVEOLAR LAVAGE BAL,21,x,
87995.7602,Micro Mycobacterium Culture~CEREBROSPINAL FLUID,17,x,
87995.7626,Micro Mycobacterium Culture~URINE,6,x,
87010.4451,Clostridium Difficile Toxin~PCR,5,x,
87503.8053,Mycology~QUEST DIAG,5,x,
87553.7015,Urine Culture~VITEK,5,x,
87994.7626,Micro Mycology Culture~URINE,5,x,
87993.7657,Micro Bacteriology Culture~RESPIRATORY CULTURE,5,x,
89313.4565,Parainfluenza Ag~AG,5,x,
86474.0000,Influenza Profile,4,x,
87261.4451,Influenza A&B~PCR,4,x,
87529.7657,Culture Aerobic Routine~RESPIRATORY CULTURE,4,x,
84846.5152,Clostridium dif Tox A+B~EIA,4,x,
84846.4451,Clostridium dif Tox A+B~PCR,3,x,
87529.6036,Culture Aerobic Routine~BRONCHOSCOPY,3,x,
87450.8051,Influenza A~STATE HEALTH DEPT,3,x,
87553.7087,Urine Culture~VITEK AMS,1,x,
87010.5152,Clostridium Difficile Toxin~EIA,1,x,
87557.8017,Stool Culture~REFERENCE LAB 3,1,x,
86474.4451,Influenza Profile~PCR,1,x,
87674.4451,Clostridium Difficile~PCR,1,x,
87529.7642,Culture Aerobic Routine~BRONCHIAL ALVEOLAR LAVAGE BAL,1,x,
87553.3000,Urine Culture~MANUAL,1,x,
87993.0000,Micro Bacteriology Culture,2676153,x,
87993.7000,Micro Bacteriology Culture~MANUAL MICRO,198262,x,
87995.0000,Micro Mycobacterium Culture,164287,x,
87994.0000,Micro Mycology Culture,144398,x,
87559.0000,Misc Culture,113599,x,
87998.0000,Micro Anerobic Culture,78961,x,
87529.0000,Culture Aerobic Routine,77281,x,
87508.0000,Aerobic Culture,46333,x,
87528.0000,Culture Aerobic&Anerobic,38783,x,
93935.0000,Culture & Sensitivity,26985,x,
87094.0000,Misc Culture 1,26283,x,
87993.7394,Micro Bacteriology Culture~BACTERIAL ID/SUSC AUTO VITEK,17872,x,
87996.0000,Micro Virology Culture,13336,x,
87993.7086,Micro Bacteriology Culture~BACT/ALERT,11690,x,
87999.0000,Micro Misc Culture,11368,x,
93935.8121,Culture & Sensitivity~LAB CORP,10173,x,
87525.0000,Culture Mycobacteria,9863,x,
87503.0000,Mycology,4967,x,
87998.7000,Micro Anerobic Culture~MANUAL MICRO,2782,x,
87998.3000,Micro Anerobic Culture~MANUAL,2380,x,
87517.7000,Body Fluid Culture Automated~MANUAL MICRO,1601,x,
87995.5781,Micro Mycobacterium Culture~AFB,1363,x,
87528.8121,Culture Aerobic&Anerobic~LAB CORP,1351,x,
87218.7000,Misc Culture 9~MANUAL MICRO,1346,x,
87094.7000,Misc Culture 1~MANUAL MICRO,1339,x,
93937.7123,Culture Viral~VIRUS CULTURE,1304,x,
87993.8121,Micro Bacteriology Culture~LAB CORP,1175,x,
87995.8121,Micro Mycobacterium Culture~LAB CORP,1087,x,
87096.0000,Misc Culture 3,1051,x,
87095.7634,Misc Culture 2~CATHETER,1006,x,
87218.0000,Misc Culture 9,832,x,
87995.8053,Micro Mycobacterium Culture~QUEST DIAG,806,x,
87095.0000,Misc Culture 2,546,x,
87528.7000,Culture Aerobic&Anerobic~MANUAL MICRO,503,x,
87998.8053,Micro Anerobic Culture~QUEST DIAG,447,x,
87097.7000,Misc Culture 4~MANUAL MICRO,438,x,
87996.8121,Micro Virology Culture~LAB CORP,365,x,
87219.0000,Misc Culture 10,344,x,
87996.3107,Micro Virology Culture~TAS,312,x,
87219.7000,Misc Culture 10~MANUAL MICRO,259,x,
87529.7112,Culture Aerobic Routine~ROUTINE BACTERIAL CULTURE,236,x,
87098.7000,Misc Culture 5~MANUAL MICRO,216,x,
87094.3181,Misc Culture 1~NOS,211,x,
93937.8053,Culture Viral~QUEST DIAG,120,x,
93935.8044,Culture & Sensitivity~LAB1 SENDOUT,109,x,
87201.7000,Misc Culture 8~MANUAL MICRO,104,x,
87718.0000,Gram Stain Direct from Spec,186965,,
87754.0000,Gram Stain,149609,,
93948.0000,Urine Screen,109143,,
87991.0000,Micro Smear Prep,100307,,
87925.0000,Parasitology Examination,66410,,
87101.0000,InHouse or Send Out Test,56069,,
87001.0000,Fecal Leukocytes,52497,,
87560.0000,Environmental Culture,42221,,
87556.0000,Wound Culture,30556,,
87069.0000,"KOH prep, fungal",29392,,
87293.0000,Staphlococcus Aures Meth Resist,26228,,
87530.0000,Accession Specimen Bac Cul,25724,,
88018.0000,Acid Fast Incl Auromine O,24534,,
87558.0000,Nose/Throat Culture,20893,,
93936.0000,Culture Throat,19665,,
87003.0000,Legionella Culture,19410,,
93949.0000,Sputum Screen,16272,,
87718.7000,Gram Stain Direct from Spec~MANUAL MICRO,15633,,
87425.0000,VRE Culture,15226,,
87997.0000,Micro Non Billable,13479,,
87053.0000,Kinyoun's Acid Fast Stain,11726,,
87671.0000,Bacteriology Organism Aerobic ID,9328,,
89063.0000,Legionella Urinary Ag,8834,,
89338.0000,Microbiological Specimen,8746,,
93933.0000,Ova Parasite Exam,7874,,
87650.0000,Organism Identification ID Kit,7435,,
87039.0000,Wet Prep for Trichomonas,7271,,
87521.0000,Org ID & Susceptibility Auto,7237,,
87089.0000,Culture GC,6175,,
87756.0000,Acid Fast Stain,5297,,
87294.0000,Streptococcus Group A Scr,4866,,
87754.7100,Gram Stain~MICROSCOPIC/IN HOUSE,4593,,
87079.0000,Chlamydia culture,4248,,
87061.0000,Trichrome Stain,4148,,
88070.0000,Tissue Culture,4143,,
87303.0000,Cryptosporidium,4098,,
87556.7000,Wound Culture~MANUAL MICRO,4071,,
88546.7000,Findings PreOp~MANUAL MICRO,3916,,
87502.0000,Mycobacteriology,3871,,
87518.7384,Susceptibility MIC Automated~BACTERIAL SUSCEPT AUTO VITEK,3350,,
87201.0000,Misc Culture 8,3320,,
87411.0000,Parasite Specimen,3002,,
81002.0000,Urinalysis Chemical w o micro,2757,,
93949.3181,Sputum Screen~NOS,2665,,
87920.0000,Concentration of Specimen Parasite,2607,,
87293.8099,Staphlococcus Aures Meth Resist~CULTURE,2585,,
87885.0000,Mycobacteriology Stains,2519,,
87067.0000,India Ink prep,2512,,
87035.0000,Strep Grp A Enzyme Immun,2416,,
89113.0000,Helicobacter pylori Serology,2351,,
87400.0000,Cryptococcus Ag,2317,,
89107.0000,Pneumococcal Ab,2298,,
87991.7185,Micro Smear Prep~KOH PREP,2283,,
87102.7385,Etiology~BACT SUSCEPT AUTO MICROSCAN,2235,,
87589.7101,Mycobacterium Organism~ACCUPROBE,2147,,
89027.0000,Legionella Ag,2106,,
85144.0000,Vaginal Discharge Panel,2088,,
87539.0000,Culture Campylobacter,2084,,
87832.0000,Mycology Slide Test,2070,,
87980.0000,Tissue Culture Specimen,2060,,
87037.0000,Strep Grp A  Latex Agglut,2043,,
87993.7200,Micro Bacteriology Culture~CULTURE/IN HOUSE,2027,,
87518.0000,Susceptibility MIC Automated,1972,,
87605.0000,AFB Smear,1969,,
89573.0000,Helicobacter pylori Ag,1821,,
87993.7630,Micro Bacteriology Culture~TISSUE,1803,,
87092.0000,Chlamydia/GC Panel,1782,,
87991.3138,Micro Smear Prep~EPOS,1766,,
87509.0000,Culture Fungus,1717,,
87994.7000,Micro Mycology Culture~MANUAL MICRO,1714,,
87086.0000,Misc Micro Test 4,1708,,
87506.4495,Micro Misc~DNA PROBE,1704,,
87992.0000,Micro Serology,1696,,
87047.0000,Fluorochrome Type Stains,1687,,
87718.9068,Gram Stain Direct from Spec~GRAM STAIN,1581,,
87943.0000,TB Specimen,1503,,
87886.0000,Cryptosporidium Spec Stain,1500,,
89714.7622,Lactoferrin~STOOL,1487,,
87556.3181,Wound Culture~NOS,1477,,
87721.0000,Calcofluor White Stain,1468,,
82705.0000,Fat Qual,1436,,
87947.0000,Culture Herpes,1333,,
87704.0000,Autoclave Control Attest,1260,,
87182.0000,Chlamydia Trachomatis,1259,,
87954.0000,Sensitivity Testing or MIC,1239,,
87505.0000,Parasitology,1227,,
87543.0000,Culture Yersinia,1218,,
85131.0000,Malaria Smear,1175,,
89304.8121,HPV Hybrid Capture Inter High Risk~LAB CORP,1171,,
87568.7000,Mycobacterium Susc~MANUAL MICRO,1153,,
87991.7000,Micro Smear Prep~MANUAL MICRO,1114,,
82396.0000,Limulus Lystae,1070,,
87615.0000,ECHO 11,1066,,
89230.0000,Fat Stain,989,,
87800.0000,Accession Specimen Mycol Cult,988,,
87208.0000,Helicobacter Pylorii,963,,
87098.0000,Misc Culture 5,945,,
89091.0000,"Direct FA, Chlamydia trachomatis",941,,
87319.0000,Neisseria Gonorrhoeae DNA,924,,
82436.0000,Fat Stool Total Qual,910,,
93973.5955,Fungus/Yeast~FUNGUS STAIN,906,,
87605.8121,AFB Smear~LAB CORP,876,,
93972.0000,Parasite Test,870,,
87541.0000,Culture Verotoxin E. Coli,847,,
87069.3000,"KOH prep, fungal~MANUAL",846,,
87502.8121,Mycobacteriology~LAB CORP,843,,
87997.7000,Micro Non Billable~MANUAL MICRO,822,,
82400.0000,Chemistry Analysis Profile,799,,
87021.0000,Feces Microscopic Exam,782,,
87513.0000,Gram Stain Blood Culture,778,,
87026.0000,Legionella pneumophilia,770,,
87719.0000,Colony Count,764,,
87218.7654,Misc Culture 9~RECTAL,758,,
87589.4495,Mycobacterium Organism~DNA PROBE,729,,
87409.0000,Myco Specimen,725,,
87526.0000,Culture Virus,718,,
87850.0000,Accession Specimen Mycob,710,,
87294.7016,Streptococcus Group A Scr~ENZYME IMMUNOASSAY NOS,709,,
93493.7000,Ciprofloxacin Susc~MANUAL MICRO,701,,
81201.0000,Trichomonas in Urine,698,,
87100.0000,Misc Culture 7,680,,
88070.7000,Tissue Culture~MANUAL MICRO,663,,
87560.4679,Environmental Culture~NOS-3,635,,
87900.0000,Accession Specimen Parasitic Exam,635,,
87214.0000,Giardia Ag,628,,
87559.7630,Misc Culture~TISSUE,625,,
87242.0000,Fungus NOS,614,,
87740.0000,Giardia Lamblia,605,,
87589.8050,Mycobacterium Organism~LAB7 SENDOUT,603,,
92856.0000,Chlamydia DNA,599,,
87389.0000,Pneumocystis,591,,
89344.7000,Drainage~MANUAL MICRO,587,,
89344.0000,Drainage,583,,
87748.0000,Species Typing,576,,
87958.0000,Sensitivity Testing Kirby,568,,
87570.7000,Bacteriology Organism~MANUAL MICRO,545,,
93933.8121,Ova Parasite Exam~LAB CORP,543,,
93984.0000,MI Mycology Smear/Prep,536,,
87084.0000,Misc Micro Test 2,531,,
93936.7000,Culture Throat~MANUAL MICRO,531,,
87236.0000,Acid Fast Org ID,526,,
87556.5958,Wound Culture~ANAEROBIC+AEROBIC CULTURE,526,,
89063.8121,Legionella Urinary Ag~LAB CORP,515,,
87533.0000,Planting 3 Pc Media Bact,512,,
87074.0000,Streptococcus Pneumoniae,499,,
87925.8646,"Parasitology Examination~VA PITTSBURGH, PA",494,,
84029.0000,Fat Stool,489,,
87761.0000,Nucleic Acid Amplification,485,,
87720.0000,Gram Stain Organism,478,,
82302.0000,Drainage Site,469,,
87062.0000,Streptococcus Group A,457,,
87754.7000,Gram Stain~MANUAL MICRO,421,,
89677.0000,Extractable Nuclear Ag SSA,416,,
87085.8050,Misc Micro Test 3~LAB7 SENDOUT,406,,
87546.0000,Reading Bact Culture Any Spec,400,,
88080.0000,Agar Dilution E Test,396,,
87836.0000,Yeast Morphology Agar,394,,
83224.0000,Nocardia,394,,
87576.0000,Parasite Organism,392,,
81359.0000,Immunoassay,392,,
81073.8099,Urinalysis Chemical w micro Auto~CULTURE,387,,
82246.7000,Trichomonas~MANUAL MICRO,378,,
93950.0000,Smear/Preparation,376,,
87218.3338,Misc Culture 9~ASPIRATE,370,,
87081.0000,Misc Micro Test 1,359,,
87992.7000,Micro Serology~MANUAL MICRO,355,,
87695.7000,Arthropod Identification~MANUAL MICRO,342,,
89027.8043,Legionella Ag~SPECIALTY LABS,337,,
87003.8043,Legionella Culture~SPECIALTY LABS,330,,
82031.0000,Mycobacterium TB Complex DNA PCR,326,,
87560.7124,Environmental Culture~WATER CULTURE,320,,
82014.0000,Herpes simplex PCR,316,,
89027.7000,Legionella Ag~MANUAL MICRO,316,,
85144.4495,Vaginal Discharge Panel~DNA PROBE,304,,
87602.0000,Histoplasma Ag,302,,
87504.0000,Virology,295,,
89833.0000,Pneumococcal Sero 3,295,,
87027.0000,Strep Grp A Coagglut,294,,
87093.0000,API Etiology Rapid,293,,
93936.7200,Culture Throat~CULTURE/IN HOUSE,293,,
87710.5184,Dark field Examination~PATHOLOGIST AP,292,,
87097.0000,Misc Culture 4,291,,
87971.0000,Shell Vial Technique,290,,
87670.0000,Bacteriology Organism ID,290,,
87506.0000,Micro Misc,279,,
87041.0000,Escherichia Coli 0157,278,,
87810.0000,Reading Mycology Culture,278,,
87695.0000,Arthropod Identification,277,,
87529.7628,Culture Aerobic Routine~WOUND,277,,
87822.7000,Streptococcus pneum Ag~MANUAL MICRO,273,,
87098.7606,Misc Culture 5~GENITAL,271,,
87293.4451,Staphlococcus Aures Meth Resist~PCR,258,,
87611.0000,Culture HS Virus,255,,
82031.8053,Mycobacterium TB Complex DNA PCR~QUEST DIAG,254,,
87249.8016,Chlamydia Trachomatis DNA~REFERENCE LAB 2,254,,
87035.3000,Strep Grp A Enzyme Immun~MANUAL,252,,
87319.8016,Neisseria Gonorrhoeae DNA~REFERENCE LAB 2,250,,
87214.3000,Giardia Ag~MANUAL,249,,
87023.0000,Feces Pin Worm Examination,248,,
87001.7076,Fecal Leukocytes~FECES MICROSCOPIC EXAM,247,,
87059.0000,Staphylococcus species NOS,244,,
88516.0000,Homogenization Tissue,239,,
87759.0000,Wet Prep w/o Iodine,234,,
89090.0000,Latex agglut Clostridium difficile,233,,
87718.7621,Gram Stain Direct from Spec~SPECIMEN/SOURCE 5,231,,
93933.8053,Ova Parasite Exam~QUEST DIAG,229,,
87711.0000,Direct FA,229,,
87487.0000,Histoplasmin Ag,224,,
87216.0000,Giardia Ag EIA,219,,
87993.7621,Micro Bacteriology Culture~SPECIMEN/SOURCE 5,202,,
87438.0000,Herpes simplex I,202,,
87560.7000,Environmental Culture~MANUAL MICRO,201,,
87001.7000,Fecal Leukocytes~MANUAL MICRO,201,,
89088.0000,"Immunodiffusion, coccidiodiosis",201,,
87558.8121,Nose/Throat Culture~LAB CORP,201,,
87296.0000,Culture Vibrio,201,,
87081.7015,Misc Micro Test 1~VITEK,198,,
87087.0000,Misc Micro Test 5,195,,
87524.0000,Bacteria Ag,191,,
87991.5781,Micro Smear Prep~AFB,191,,
82010.0000,Cytomegalovirus PCR,188,,
87930.0000,Parasitology Stain,187,,
87886.8043,Cryptosporidium Spec Stain~SPECIALTY LABS,182,,
87998.7200,Micro Anerobic Culture~CULTURE/IN HOUSE,181,,
87942.0000,Extraction of Organism Ag,179,,
87761.8016,Nucleic Acid Amplification~REFERENCE LAB 2,177,,
87095.7632,Misc Culture 2~BONE,177,,
87113.0000,Betalactase ext Spectrum,176,,
82425.0000,Viral PCR Panel,174,,
87076.0000,Vibrio Cholera,172,,
87993.7625,Micro Bacteriology Culture~SPECIMEN/SOURCE 7,170,,
87925.7000,Parasitology Examination~MANUAL MICRO,170,,
87975.0000,Cytomegalovirus Culture,163,,
87009.0000,Legionella DFA,163,,
87718.7610,Gram Stain Direct from Spec~SPECIMEN/SOURCE 2,162,,
87666.0000,"Culture Skin,Hair,Nails",159,,
87669.0000,Fungal ID Yeast,156,,
87085.0000,Misc Micro Test 3,154,,
87830.0000,Germ Tube,153,,
87258.0000,Herpes I&II,152,,
87100.7000,Misc Culture 7~MANUAL MICRO,148,,
87096.7632,Misc Culture 3~BONE,148,,
81096.0000,Misc Chem Test 1,147,,
87556.7628,Wound Culture~WOUND,145,,
87069.7631,"KOH prep, fungal~SPECIMEN/SOURCE 10",143,,
87995.7618,Micro Mycobacterium Culture~SPUTUM,136,,
87030.0000,Neisseria Gonorrhoeae,134,,
87960.0000,Accession Specimen for Viral Cult,133,,
87568.7381,Mycobacterium Susc~BACTERIAL SUSCEPT AGAR DIL,130,,
87529.7618,Culture Aerobic Routine~SPUTUM,130,,
87568.3406,Mycobacterium Susc~BACTEC MGIT 960,128,,
87993.7610,Micro Bacteriology Culture~SPECIMEN/SOURCE 2,128,,
87443.0000,Herpesvirus NOS,127,,
87718.7612,Gram Stain Direct from Spec~SPECIMEN/SOURCE 3,127,,
87509.8121,Culture Fungus~LAB CORP,127,,
87545.0000,Culture Group B Strep,124,,
82271.0000,Blood Occult feces spot test,124,,
87069.8121,"KOH prep, fungal~LAB CORP",117,,
89300.0000,Semen Analysis Sperm,116,,
87952.0000,Bactericidal Activity,114,,
82031.4999,Mycobacterium TB Complex DNA PCR~AMPLIFICATION/SEQUENCING,113,,
87518.8121,Susceptibility MIC Automated~LAB CORP,113,,
87758.0000,Giemsa Stain,112,,
87568.3983,Mycobacterium Susc~AUTO,112,,
87081.3000,Misc Micro Test 1~MANUAL,111,,
87589.4713,Mycobacterium Organism~SEQUENCING,110,,
87503.8646,"Mycology~VA PITTSBURGH, PA",108,,
87543.8121,Culture Yersinia~LAB CORP,108,,
87100.7666,Misc Culture 7~EAR,107,,
87718.3000,Gram Stain Direct from Spec~MANUAL,107,,
87740.8121,Giardia Lamblia~LAB CORP,105,,
93972.3000,Parasite Test~MANUAL,102,,
87667.0000,Fungal Identification,102,,
93984.8121,MI Mycology Smear/Prep~LAB CORP,101,,
87991.7618,Micro Smear Prep~SPUTUM,100,,
82278.0000,Blood Qual Duodenal Gastric,98,,
87207.0000,Aspergillus species NOS,98,,
87993.7120,Micro Bacteriology Culture~THROAT CULTURE,97,,
89607.0000,Helicobacter pylori Ab IgG,96,,
89089.0000,EIA Clostridium diff tox A or B,96,,
87718.7618,Gram Stain Direct from Spec~SPUTUM,95,,
87559.3272,Misc Culture~SCREEN,95,,
93651.0000,Other Antibiotic Susc,95,,
87069.8646,"KOH prep, fungal~VA PITTSBURGH, PA",95,,
89643.0000,West Nile Virus,94,,
87993.7612,Micro Bacteriology Culture~SPECIMEN/SOURCE 3,93,,
87035.7016,Strep Grp A Enzyme Immun~ENZYME IMMUNOASSAY NOS,92,,
87249.0000,Chlamydia Trachomatis DNA,89,,
87993.7608,Micro Bacteriology Culture~SPECIMEN/SOURCE 1,89,,
87995.3406,Micro Mycobacterium Culture~BACTEC MGIT 960,89,,
87589.4507,Mycobacterium Organism~HPLC,85,,
87991.7622,Micro Smear Prep~STOOL,84,,
87947.8043,Culture Herpes~SPECIALTY LABS,83,,
87187.0000,Chlamydia NOS,82,,
87526.8121,Culture Virus~LAB CORP,81,,
87208.5047,Helicobacter Pylorii~UREASE-INDOPHENOL,81,,
87995.8646,"Micro Mycobacterium Culture~VA PITTSBURGH, PA",80,,
87041.7014,Escherichia Coli 0157~LATEX AGGLUTINATION NOS,80,,
87994.7610,Micro Mycology Culture~SPECIMEN/SOURCE 2,80,,
87478.0000,Rotavirus,78,,
87097.7648,Misc Culture 4~EYE,77,,
93937.0000,Culture Viral,77,,
87069.7185,"KOH prep, fungal~KOH PREP",77,,
89063.8539,"Legionella Urinary Ag~VA CINCINNATI, OH",75,,
87610.0000,West Nile IgM,75,,
85131.3141,Malaria Smear~WRIGHT-GIEMSA,72,,
81073.3984,Urinalysis Chemical w micro Auto~AUTOMATED,71,,
87338.0000,Parasite NOS,69,,
87003.7000,Legionella Culture~MANUAL MICRO,69,,
87474.0000,Respiratory Syncytial Virus,69,,
82246.0000,Trichomonas,68,,
87039.3747,Wet Prep for Trichomonas~MICROSCOPIC EXAM VIS,67,,
87718.7602,Gram Stain Direct from Spec~CEREBROSPINAL FLUID,67,,
87947.8121,Culture Herpes~LAB CORP,66,,
82357.0000,CSF Panel,66,,
87666.7000,"Culture Skin,Hair,Nails~MANUAL MICRO",65,,
87696.0000,Tick Identification,65,,
89458.0000,"Bordetella Pertussis DNA,Qual,PCR",65,,
87995.7610,Micro Mycobacterium Culture~SPECIMEN/SOURCE 2,64,,
86414.7622,Donor Specimen~STOOL,64,,
87949.0000,Culture Mycoplasma Pneumoniae,64,,
87761.8015,Nucleic Acid Amplification~REFERENCE LAB 1,62,,
87294.8121,Streptococcus Group A Scr~LAB CORP,62,,
93982.0000,Sterility Result,60,,
81539.0000,Crystals Id,60,,
87069.7610,"KOH prep, fungal~SPECIMEN/SOURCE 2",60,,
87718.7608,Gram Stain Direct from Spec~SPECIMEN/SOURCE 1,56,,
82002.0000,Blood Occult NOS,56,,
82560.0000,Isospora Exam,55,,
87007.0000,Bordetella Pertussis,54,,
87991.8121,Micro Smear Prep~LAB CORP,54,,
87201.7606,Misc Culture 8~GENITAL,53,,
87611.6096,Culture HS Virus~RAPID TEST,52,,
87991.7610,Micro Smear Prep~SPECIMEN/SOURCE 2,52,,
87666.8053,"Culture Skin,Hair,Nails~QUEST DIAG",51,,
81073.8128,Urinalysis Chemical w micro Auto~CULTURE URINE AEROBIC,50,,
87525.8638,Culture Mycobacteria~AML,49,,
87069.8053,"KOH prep, fungal~QUEST DIAG",49,,
87377.0000,Culture Varicella Zoster,49,,
87100.7648,Misc Culture 7~EYE,49,,
87529.7636,Culture Aerobic Routine~EXUDATE,48,,
87099.7666,Misc Culture 6~EAR,48,,
87559.7666,Misc Culture~EAR,47,,
87518.8000,Susceptibility MIC Automated~SEND OUT NOS,47,,
87718.7625,Gram Stain Direct from Spec~SPECIMEN/SOURCE 7,46,,
92605.0000,Procalcitonin,46,,
93974.0000,Mycology Test,45,,
88300.0000,Stain Group1,45,,
87009.8027,Legionella DFA~UNIVERSITY 1,45,,
84100.0000,Phosphate Inorganic,43,,
87230.0000,Acanthamoeba Culture,42,,
87764.0000,Diffusion Test,41,,
87414.0000,Cytomegalovirus,40,,
87099.0000,Misc Culture 6,40,,
87525.8053,Culture Mycobacteria~QUEST DIAG,39,,
87995.7623,Micro Mycobacterium Culture~SPECIMEN/SOURCE 6,38,,
87003.8121,Legionella Culture~LAB CORP,38,,
82031.8121,Mycobacterium TB Complex DNA PCR~LAB CORP,38,,
87754.8562,"Gram Stain~VA ERIE, PA",38,,
87994.7621,Micro Mycology Culture~SPECIMEN/SOURCE 5,37,,
86051.0000,Chlamydia Probe,37,,
87994.8027,Micro Mycology Culture~UNIVERSITY 1,36,,
90924.0000,Parasite,36,,
87948.0000,Anaerobe Suscept Test Disk Elut,36,,
87993.3338,Micro Bacteriology Culture~ASPIRATE,36,,
89329.0000,Varicella Zoster Ab IgG,36,,
87508.8044,Aerobic Culture~LAB1 SENDOUT,36,,
87501.0000,Bacteriology,36,,
87056.4547,Shigella Each Grouping~IMMUNOCHROMATOGRAPHY,36,,
82270.0000,Blood Occult feces,35,,
87559.7648,Misc Culture~EYE,35,,
87993.7369,Micro Bacteriology Culture~BACTERIAL ID AUTO VITEK,34,,
87506.5138,Micro Misc~CONFIRMATORY TEST,34,,
87991.7623,Micro Smear Prep~SPECIMEN/SOURCE 6,34,,
87672.0000,Bacteriology Organism Anaerobic ID,33,,
87560.4677,Environmental Culture~NOS-1,33,,
87589.0000,Mycobacterium Organism,33,,
87526.8027,Culture Virus~UNIVERSITY 1,33,,
85164.8099,Cells Other~CULTURE,32,,
87096.7000,Misc Culture 3~MANUAL MICRO,32,,
87110.0000,Betalactase,32,,
87718.7642,Gram Stain Direct from Spec~BRONCHIAL ALVEOLAR LAVAGE BAL,32,,
93981.0000,Virology Test,31,,
87525.8646,"Culture Mycobacteria~VA PITTSBURGH, PA",31,,
92923.0000,Adult Forms,31,,
89311.8027,Herpes Simplex Ag~UNIVERSITY 1,31,,
87510.0000,Culture Chlamydia/GC,31,,
87069.7621,"KOH prep, fungal~SPECIMEN/SOURCE 5",30,,
87016.0000,Escherichia coli Each Sero,30,,
87101.8121,InHouse or Send Out Test~LAB CORP,30,,
91398.0000,Histoplasma Ab,30,,
87518.8027,Susceptibility MIC Automated~UNIVERSITY 1,29,,
87529.7630,Culture Aerobic Routine~TISSUE,29,,
87925.8043,Parasitology Examination~SPECIALTY LABS,29,,
88021.0000,Fungus Silver Stain Group3,29,,
87100.3181,Misc Culture 7~NOS,28,,
87754.8121,Gram Stain~LAB CORP,28,,
87094.8121,Misc Culture 1~LAB CORP,28,,
93967.0000,Bacteria Smear/Prep,27,,
82710.0000,Fat Total Quant Feces,27,,
87570.4713,Bacteriology Organism~SEQUENCING,26,,
89594.8027,Varicella Ag~UNIVERSITY 1,25,,
81105.0000,Misc Chem Test 9,24,,
87089.8121,Culture GC~LAB CORP,24,,
89502.0000,Rubeola Immune Status,24,,
87561.0000,Pertussis Culture,24,,
87860.0000,Reading Mycobact Culture,24,,
87999.3181,Micro Misc Culture~NOS,24,,
87480.0000,Rubella,23,,
87998.8121,Micro Anerobic Culture~LAB CORP,23,,
89266.0000,Mumps Ab,23,,
93937.8121,Culture Viral~LAB CORP,23,,
87525.7086,Culture Mycobacteria~BACT/ALERT,23,,
87237.0000,Cryptococcus Neoformans,22,,
81136.0000,Metabolic Panel,22,,
81347.0000,Schlicter Test,22,,
82031.4451,Mycobacterium TB Complex DNA PCR~PCR,22,,
87990.0000,Anerobe Identification,22,,
82182.0000,Sodium Urine,22,,
87069.7642,"KOH prep, fungal~BRONCHIAL ALVEOLAR LAVAGE BAL",21,,
87059.7059,Staphylococcus species NOS~ORGANISM SPECIFIC CULTURE,21,,
86381.5152,Campylobacter Ab~EIA,21,,
87069.7000,"KOH prep, fungal~MANUAL MICRO",21,,
87991.7621,Micro Smear Prep~SPECIMEN/SOURCE 5,21,,
93934.0000,Pin Worm Exam,20,,
87951.0000,Antimicrobic Assay tube,20,,
87047.7000,Fluorochrome Type Stains~MANUAL MICRO,19,,
89265.0000,Microspordin Stain,19,,
87560.7200,Environmental Culture~CULTURE/IN HOUSE,19,,
87947.8053,Culture Herpes~QUEST DIAG,19,,
87343.0000,Plasmodium species (malaria),19,,
87925.8053,Parasitology Examination~QUEST DIAG,19,,
87995.7621,Micro Mycobacterium Culture~SPECIMEN/SOURCE 5,19,,
87230.8027,Acanthamoeba Culture~UNIVERSITY 1,18,,
87991.7602,Micro Smear Prep~CEREBROSPINAL FLUID,18,,
87514.0000,Organism Identification Auto,18,,
87761.7105,Nucleic Acid Amplification~MYCOBACTERIAL SUBTYPING,18,,
87529.7660,Culture Aerobic Routine~TRACHEAL ASPIRATE,18,,
87754.8044,Gram Stain~LAB1 SENDOUT,18,,
87501.8044,Bacteriology~LAB1 SENDOUT,18,,
87668.0000,Fungal ID Mold,18,,
87993.7629,Micro Bacteriology Culture~SPECIMEN/SOURCE 9,17,,
93938.6096,Culture CMV~RAPID TEST,17,,
87765.8121,Disk Diffusion~LAB CORP,17,,
87899.0000,Susceptibility Test Mycobact,17,,
81328.0000,Tox Specimen,17,,
87568.0000,Mycobacterium Susc,17,,
87718.3338,Gram Stain Direct from Spec~ASPIRATE,17,,
87718.7628,Gram Stain Direct from Spec~WOUND,16,,
87296.8051,Culture Vibrio~STATE HEALTH DEPT,16,,
87751.0000,Cellophane Tape Prep,15,,
87995.7000,Micro Mycobacterium Culture~MANUAL MICRO,15,,
87529.7620,Culture Aerobic Routine~STERILE FLUID-OTHER,15,,
86738.0000,Mycoplasma,15,,
82031.8027,Mycobacterium TB Complex DNA PCR~UNIVERSITY 1,15,,
87830.3000,Germ Tube~MANUAL,15,,
87508.8121,Aerobic Culture~LAB CORP,15,,
87509.8638,Culture Fungus~AML,15,,
87995.8015,Micro Mycobacterium Culture~REFERENCE LAB 1,14,,
89351.0000,Specimen Dispatch w data handl,14,,
89582.0000,"CMV Ab, IgG",14,,
87094.7015,Misc Culture 1~VITEK,14,,
87485.0000,Parvovirus Ab,14,,
89005.0000,Farmer's Lung,14,,
87079.8121,Chlamydia culture~LAB CORP,14,,
87890.0000,Blastomyces Ab,14,,
87570.3939,Bacteriology Organism~MASS SPECTROMETRY,13,,
87553.8002,Urine Culture~ARUP LAB,13,,
87703.0000,Anaerobic Jar Flushing,13,,
89714.0000,Lactoferrin,13,,
88574.0000,Smear Cyto Simple Special Proced,13,,
87202.0000,Actinomyces species,13,,
89458.8051,"Bordetella Pertussis DNA,Qual,PCR~STATE HEALTH DEPT",13,,
87001.3141,Fecal Leukocytes~WRIGHT-GIEMSA,13,,
89580.0000,"CMV Ab, IgM",13,,
87296.8121,Culture Vibrio~LAB CORP,12,,
85730.0000,Thromboplastin Time Partial,12,,
87754.3000,Gram Stain~MANUAL,12,,
87994.7608,Micro Mycology Culture~SPECIMEN/SOURCE 1,12,,
84141.0000,Fungal Ab,12,,
87925.8121,Parasitology Examination~LAB CORP,11,,
87975.8053,Cytomegalovirus Culture~QUEST DIAG,11,,
87065.0000,Viral serology,11,,
85131.3107,Malaria Smear~TAS,11,,
82031.8015,Mycobacterium TB Complex DNA PCR~REFERENCE LAB 1,11,,
87280.8053,Mycobacterium Avium DNA~QUEST DIAG,11,,
93935.7650,Culture & Sensitivity~MOUTH,11,,
85134.0000,Eosinophil Smear,11,,
83735.0000,Magnesium,11,,
87561.8121,Pertussis Culture~LAB CORP,10,,
87084.7015,Misc Micro Test 2~VITEK,10,,
89085.0000,"Immunodiffusion, aspergillosis",10,,
89155.0000,VDRL,10,,
87303.8053,Cryptosporidium~QUEST DIAG,10,,
87559.7654,Misc Culture~RECTAL,10,,
82031.7657,Mycobacterium TB Complex DNA PCR~RESPIRATORY CULTURE,10,,
81853.0000,Comprehensive Met Panel,10,,
82423.0000,Enterovirus PCR,10,,
87993.7666,Micro Bacteriology Culture~EAR,10,,
87503.8671,"Mycology~VA SAN ANTONIO, TX",10,,
89573.8015,Helicobacter pylori Ag~REFERENCE LAB 1,9,,
82040.0000,Albumin,9,,
85008.5184,Blood Film Examination~PATHOLOGIST AP,9,,
87069.7608,"KOH prep, fungal~SPECIMEN/SOURCE 1",9,,
87995.7608,Micro Mycobacterium Culture~SPECIMEN/SOURCE 1,9,,
83925.0000,Osmolality,9,,
82387.0000,Cathepsin-D,9,,
87102.0000,Etiology,9,,
87169.0000,Coccidiodes Ag,9,,
87323.3141,Filaria species~WRIGHT-GIEMSA,8,,
87558.8099,Nose/Throat Culture~CULTURE,8,,
83480.0000,Thyroid Stimulating Hormone,8,,
87301.0000,Varicella Zoster AB IgM,8,,
87199.0000,Mycoplasma pneumoniae,8,,
87570.8121,Bacteriology Organism~LAB CORP,8,,
87553.8044,Urine Culture~LAB1 SENDOUT,8,,
87377.8121,Culture Varicella Zoster~LAB CORP,8,,
89641.0000,Herpes I&II Stain,8,,
81114.0000,Auto Chem 7 test,7,,
89265.8121,Microspordin Stain~LAB CORP,7,,
87474.8121,Respiratory Syncytial Virus~LAB CORP,7,,
87101.7100,InHouse or Send Out Test~MICROSCOPIC/IN HOUSE,7,,
83997.8596,"Vitamin D 25 Hydroxy~VA LEXINGTON, KY",7,,
84155.0000,Protein Total,7,,
87529.7648,Culture Aerobic Routine~EYE,7,,
82141.0000,Epstein Barr PCR,7,,
89227.0000,Varicella Rapid Culture,7,,
87799.0000,DNA Probe,7,,
87529.7634,Culture Aerobic Routine~CATHETER,6,,
81156.0000,"Serum Antimicrobial Level, Bioassay",6,,
93934.8053,Pin Worm Exam~QUEST DIAG,6,,
83967.0000,Antitrypsin Alpha1,6,,
87539.8121,Culture Campylobacter~LAB CORP,6,,
87964.0000,Parvovirus B19,6,,
87993.8015,Micro Bacteriology Culture~REFERENCE LAB 1,6,,
87506.8044,Micro Misc~LAB1 SENDOUT,6,,
82364.0000,Occult,6,,
87151.0000,Borrelia Burgdorferi,6,,
87991.7608,Micro Smear Prep~SPECIMEN/SOURCE 1,6,,
87509.8053,Culture Fungus~QUEST DIAG,6,,
87993.7087,Micro Bacteriology Culture~VITEK AMS,6,,
87576.3000,Parasite Organism~MANUAL,6,,
87176.5152,Endotoxin~EIA,6,,
87759.7000,Wet Prep w/o Iodine~MANUAL MICRO,6,,
87083.0000,Yersinia species NOS,6,,
87379.0000,Herpes Virus VI,6,,
89091.8027,"Direct FA, Chlamydia trachomatis~UNIVERSITY 1",5,,
87994.7666,Micro Mycology Culture~EAR,5,,
86832.7200,Transfusion~CULTURE/IN HOUSE,5,,
87994.8130,Micro Mycology Culture~CULTURE BIOPSY,5,,
89310.0000,Herpes Simplex Ab,5,,
87001.8121,Fecal Leukocytes~LAB CORP,5,,
87994.7625,Micro Mycology Culture~SPECIMEN/SOURCE 7,5,,
87741.0000,Strongyloides,5,,
89760.0000,Prostate Specific Ag,5,,
87988.0000,Chlamydia T + Neisseria G DNA Screen,5,,
84330.0000,Glucose Quant,5,,
87558.7365,Nose/Throat Culture~BACTERIAL ID MAN,5,,
83455.0000,Thyroxine Free (FT4),5,,
87806.8121,Culture Urea Plasma~LAB CORP,5,,
87092.4451,Chlamydia/GC Panel~PCR,5,,
87069.7625,"KOH prep, fungal~SPECIMEN/SOURCE 7",5,,
87276.0000,Cyclospora,5,,
84520.0000,Urea Nitrogen,5,,
87994.3338,Micro Mycology Culture~ASPIRATE,5,,
87975.8121,Cytomegalovirus Culture~LAB CORP,5,,
87561.8090,Pertussis Culture~MA STATE HEALTH DEPT,5,,
89594.0000,Varicella Ag,5,,
87982.0000,Tissue Culture Viral,5,,
87570.0000,Bacteriology Organism,5,,
86159.0000,Rickettsia Ab,5,,
81547.0000,Clotest,5,,
87673.8121,DNA Probe Culture ID~LAB CORP,4,,
87085.8053,Misc Micro Test 3~QUEST DIAG,4,,
81111.0000,Auto Chem 5 test,4,,
87293.7059,Staphlococcus Aures Meth Resist~ORGANISM SPECIFIC CULTURE,4,,
85174.0000,PT w INR,4,,
87711.8121,Direct FA~LAB CORP,4,,
87069.7612,"KOH prep, fungal~SPECIMEN/SOURCE 3",4,,
87529.7666,Culture Aerobic Routine~EAR,4,,
87295.0000,Sarcoptes Scabiei,4,,
87673.0000,DNA Probe Culture ID,4,,
81073.0000,Urinalysis Chemical w micro Auto,4,,
87757.0000,Tzanck Prep,4,,
87594.0000,Culture Skin,4,,
87993.8200,Micro Bacteriology Culture~CULT/SEND OUT,4,,
81464.8000,Joint Fluid Panel~SEND OUT NOS,4,,
87095.7000,Misc Culture 2~MANUAL MICRO,4,,
87478.8121,Rotavirus~LAB CORP,4,,
87930.8121,Parasitology Stain~LAB CORP,4,,
82031.8544,"Mycobacterium TB Complex DNA PCR~VA COLUMBIA, SC",4,,
87529.7117,Culture Aerobic Routine~STERILE BODY FLUID CULT,4,,
87949.8121,Culture Mycoplasma Pneumoniae~LAB CORP,4,,
82141.8016,Epstein Barr PCR~REFERENCE LAB 2,4,,
89643.4447,West Nile Virus~ELISA,4,,
82550.0000,Creatine Kinase (CK),4,,
84588.0000,Vitamin B12,3,,
89175.0000,Herpes Ab,3,,
87464.0000,Papillomavirus,3,,
87219.4574,Misc Culture 10~PANEL,3,,
87710.0000,Dark field Examination,3,,
87806.0000,Culture Urea Plasma,3,,
87089.8053,Culture GC~QUEST DIAG,3,,
87276.8053,Cyclospora~QUEST DIAG,3,,
85156.8027,Misc Sendout 18~UNIVERSITY 1,3,,
87295.8121,Sarcoptes Scabiei~LAB CORP,3,,
87529.7606,Culture Aerobic Routine~GENITAL,3,,
87752.0000,Probe Test,3,,
87448.0000,HIV,3,,
89828.0000,Mites,3,,
87993.3272,Micro Bacteriology Culture~SCREEN,3,,
87993.8130,Micro Bacteriology Culture~CULTURE BIOPSY,3,,
81132.0000,Lipid Panel,3,,
87994.7612,Micro Mycology Culture~SPECIMEN/SOURCE 3,3,,
81705.0000,Drug Screen for Mult Const,3,,
87995.7612,Micro Mycobacterium Culture~SPECIMEN/SOURCE 3,3,,
87042.7000,Salmonella Each Grouping~MANUAL MICRO,3,,
88025.0000,Gram Stain Group2,3,,
89051.0000,Cell Count with Film,3,,
89008.0000,Hypersensitivity Pneumonitis,3,,
87558.7363,Nose/Throat Culture~BACTERIAL ID MAN ID SYS,3,,
87993.7648,Micro Bacteriology Culture~EYE,3,,
87568.8053,Mycobacterium Susc~QUEST DIAG,3,,
87293.8111,Staphlococcus Aures Meth Resist~AGAR DIFFUSION,3,,
87991.7612,Micro Smear Prep~SPECIMEN/SOURCE 3,3,,
87442.8053,Herpes zoster~QUEST DIAG,3,,
93936.7180,Culture Throat~MICRO MICRO,3,,
84469.3000,Shigella Ab~MANUAL,2,,
87026.3000,Legionella pneumophilia~MANUAL,2,,
87069.7618,"KOH prep, fungal~SPUTUM",2,,
87302.8053,Amoeba NOS~QUEST DIAG,2,,
87023.8053,Feces Pin Worm Examination~QUEST DIAG,2,,
87219.7608,Misc Culture 10~SPECIMEN/SOURCE 1,2,,
87707.8099,Bactigen Meningitis Panel~CULTURE,2,,
87294.7000,Streptococcus Group A Scr~MANUAL MICRO,2,,
87718.7626,Gram Stain Direct from Spec~URINE,2,,
87707.0000,Bactigen Meningitis Panel,2,,
87003.8053,Legionella Culture~QUEST DIAG,2,,
87197.0000,Mycoplasma NOS,2,,
89031.0000,Monospot Screen,2,,
89640.0000,C Reactive Protein,2,,
89636.0000,Cold Agglutinins,2,,
87754.8053,Gram Stain~QUEST DIAG,2,,
93976.8053,Mycobacterium~QUEST DIAG,2,,
87099.7000,Misc Culture 6~MANUAL MICRO,2,,
89039.0000,Anti Nuclear Ab,2,,
87718.7629,Gram Stain Direct from Spec~SPECIMEN/SOURCE 9,2,,
93971.0000,Parasitology Smear/Prep,2,,
89019.0000,Aspergillus Complement Titer,2,,
82150.0000,Amylase,2,,
82425.4451,Viral PCR Panel~PCR,2,,
82396.8121,Limulus Lystae~LAB CORP,2,,
87415.4451,Rubeola Ag~PCR,2,,
85195.0000,D Dimer Quant,2,,
87531.0000,Planting 1 Pc Media Bact,2,,
89459.0000,"Bordetella Parapertussis DNA,Qual,PCR",2,,
89050.0000,Cell Count Body Fluid,2,,
84026.0000,Protein Electro Urine,2,,
87994.7606,Micro Mycology Culture~GENITAL,2,,
89311.0000,Herpes Simplex Ag,2,,
87518.8122,Susceptibility MIC Automated~FUNGUS CULTURE,2,,
87506.8121,Micro Misc~LAB CORP,2,,
87016.7016,Escherichia coli Each Sero~ENZYME IMMUNOASSAY NOS,2,,
87384.0000,Rickettsia Rickettsii,2,,
82054.0000,Saturation of Serum w Iron,2,,
82249.0000,Bilirubin Direct,2,,
87712.0000,Direct Fluorescent Ab,2,,
89027.3000,Legionella Ag~MANUAL,2,,
87732.0000,Autoclave Control Spordex,2,,
83540.0000,Iron Total,2,,
87024.0000,Legionella species NOS,2,,
89063.3000,Legionella Urinary Ag~MANUAL,2,,
87994.8121,Micro Mycology Culture~LAB CORP,2,,
87946.0000,Tissue Grinding,2,,
87100.7120,Misc Culture 7~THROAT CULTURE,2,,
89233.0000,"Toxoplasmosis Ab, IgA&IgM",2,,
87751.3246,Cellophane Tape Prep~PINWORM EXAMINATION,2,,
*Missing*,*Missing*,1,,
84400.0000,Body Fluid Exam for Crystals,1,,
87041.8121,Escherichia Coli 0157~LAB CORP,1,,
87069.7629,"KOH prep, fungal~SPECIMEN/SOURCE 9",1,,
87509.8044,Culture Fungus~LAB1 SENDOUT,1,,
81716.0000,Flucytosine,1,,
87542.0000,Reading Bact Culture Sterile,1,,
89369.0000,Research Specimen,1,,
87995.7614,Micro Mycobacterium Culture~SPECIMEN/SOURCE 4,1,,
87718.7614,Gram Stain Direct from Spec~SPECIMEN/SOURCE 4,1,,
87092.8800,Chlamydia/GC Panel~SEROLOGY/SEND OUT,1,,
87969.8035,Virus Specimen Collection~CENTERS FOR DISEASE CONTROL,1,,
82705.8053,Fat Qual~QUEST DIAG,1,,
87389.4569,Pneumocystis~DFA,1,,
*Unknown at this time*,*Unknown at this time*,1,,
87991.7614,Micro Smear Prep~SPECIMEN/SOURCE 4,1,,
87903.0000,Micorsporidia Spore,1,,
81378.0000,Fecal Electrolytes,1,,
87925.8004,Parasitology Examination~ROCHE,1,,
87482.4451,Rubeola~PCR,1,,
87069.7614,"KOH prep, fungal~SPECIMEN/SOURCE 4",1,,
85019.0000,Hemogram V,1,,
81397.0000,Osmolality Stool,1,,
87991.7626,Micro Smear Prep~URINE,1,,
87008.0000,Brucella species,1,,
87092.8121,Chlamydia/GC Panel~LAB CORP,1,,
89624.0000,CA 19 9 Carbohydrate Ag,1,,
87700.0000,Acridine Orange Stain,1,,
87991.9198,Micro Smear Prep~GMS STAIN,1,,
89050.7610,Cell Count Body Fluid~SPECIMEN/SOURCE 2,1,,
81368.0000,Iron Panel Chemistry,1,,
89068.0000,Hepatitis B Surface Ag,1,,
92376.0000,Legionella pneumo1 Ab,1,,
87237.3000,Cryptococcus Neoformans~MANUAL,1,,
87718.8130,Gram Stain Direct from Spec~CULTURE BIOPSY,1,,
89307.8000,Herpes Simplex Virus DNA~SEND OUT NOS,1,,
87994.7614,Micro Mycology Culture~SPECIMEN/SOURCE 4,1,,
89583.8121,CMV Ag~LAB CORP,1,,
89780.0000,Sperm,1,,
82031.3181,Mycobacterium TB Complex DNA PCR~NOS,1,,
84051.7016,B-Human Chorionic Gonadotropin Scr~ENZYME IMMUNOASSAY NOS,1,,
81152.0000,Antibody Panel,1,,
87014.8027,Corynebacterium Diptheriae~UNIVERSITY 1,1,,
87993.7606,Micro Bacteriology Culture~GENITAL,1,,
87718.7627,Gram Stain Direct from Spec~SPECIMEN/SOURCE 8,1,,
87319.7624,Neisseria Gonorrhoeae DNA~THROAT,1,,
87092.8004,Chlamydia/GC Panel~ROCHE,1,,
89174.0000,Brucella Ab,1,,
89098.0000,HIV 1 by EIA,1,,
85610.0000,Prothrombin Time,1,,
87294.7054,Streptococcus Group A Scr~RAPID STREP,1,,
92484.0000,Protein Protein,1,,
81153.8027,Unlisted Panel~UNIVERSITY 1,1,,
87993.7124,Micro Bacteriology Culture~WATER CULTURE,1,,
87175.0000,Chlamydia Pneumoniae,1,,
89307.4574,Herpes Simplex Virus DNA~PANEL,1,,
82751.0000,Folate,1,,
87302.0000,Amoeba NOS,1,,
81115.0000,Auto Chem 8 test,1,,
87069.7627,"KOH prep, fungal~SPECIMEN/SOURCE 8",1,,
86738.8053,Mycoplasma~QUEST DIAG,1,,
87274.0000,Antibiotic NOS,1,,
87389.8016,Pneumocystis~REFERENCE LAB 2,1,,
82016.0000,Hepatitis C RNA Qual,1,,
82032.0000,Toxoplasma PCR,1,,
87969.8095,Virus Specimen Collection~MO STATE HEALTH DEPT,1,,
87030.4451,Neisseria Gonorrhoeae~PCR,1,,
86256.0000,VZV DNA,1,,
87768.0000,Microtiter MBC,1,,
84142.0000,Mycotoxin Ab,1,,
89106.0000,Rapid Plasma Reagin,1,,
89030.0000,Measles Rubeola titer,1,,
84989.0000,Misc Sendout 2,1,,
88025.9068,Gram Stain Group2~GRAM STAIN,1,,
87094.3272,Misc Culture 1~SCREEN,1,,
82790.0000,Transpeptidase Gamma Glut,1,,
87437.0000,Hepatitis C,1,,
NULL,NULL,1,,
89063.4547,Legionella Urinary Ag~IMMUNOCHROMATOGRAPHY,1,,
83620.7608,Lactate Dehydrogenase~SPECIMEN/SOURCE 1,1,,
87081.3181,Misc Micro Test 1~NOS,1,,
86381.0000,Campylobacter Ab,1,,
87074.8121,Streptococcus Pneumoniae~LAB CORP,1,,
87030.8002,Neisseria Gonorrhoeae~ARUP LAB,1,,
84881.8043,Pneumocystis jiroveci Ag~SPECIALTY LABS,1,,
93935.8053,Culture & Sensitivity~QUEST DIAG,1,,
93528.0000,Meropenem Susc,1,,
87718.7631,Gram Stain Direct from Spec~SPECIMEN/SOURCE 10,1,,
87503.7181,Mycology~MIC,1,,
89124.0000,Hepatitis C RNA by PCR,1,,
87492.8016,Virus NOS~REFERENCE LAB 2,1,,
87559.7059,Misc Culture~ORGANISM SPECIFIC CULTURE,1,,
87994.7627,Micro Mycology Culture~SPECIMEN/SOURCE 8,1,,
89100.0000,HIV 1 by IFA,1,,
87993.7614,Micro Bacteriology Culture~SPECIMEN/SOURCE 4,1,,
87556.7015,Wound Culture~VITEK,1,,
81097.8053,Misc Chem Test 2~QUEST DIAG,1,,
89070.0000,Hepatitis C Ab,1,,
83191.0000,Troponin I,1,,
88305.0000,Stain Group2,1,,
85173.0000,Elapsed Time,1,,
84306.0000,Entamoeba histolyt Ab,1,,
81129.0000,Hepatic Function Panel,1,,
87673.4451,DNA Probe Culture ID~PCR,1,,
87993.7632,Micro Bacteriology Culture~BONE,1,,
87445.0000,Chancroid Culture,1,,
87081.8018,Misc Micro Test 1~REFERENCE LAB 4,1,,
89594.4574,Varicella Ag~PANEL,1,,
82270.9596,Blood Occult feces~IMM,1,,
87302.8027,Amoeba NOS~UNIVERSITY 1,1,,
